race_id,race_date,course,surface,distance,grade,class,field_size,horse_id,horse_name,draw,horse_number,sex,age,carried_weight,jockey,trainer,body_weight,body_weight_diff,odds,popularity,last_finish,last_distance,last_class,last_margin,last_3f,days_since_last,finish_rank
R0000,2020-01-01,中山,芝,2200,G1,オープン,12,H033,H033,1,1,セ,7,55.0,J07,T08,488,9,15.372473275384861,9,15,2000,OP,0.51,35.8,68,8
R0000,2020-01-01,中山,芝,2200,G1,オープン,12,H009,H009,2,2,牝,5,57.0,J09,T01,514,1,1.1,2,5,2200,3勝,0.79,35.7,59,2
R0000,2020-01-01,中山,芝,2200,G1,オープン,12,H049,H049,3,3,牡,7,55.0,J03,T06,486,-11,25.94531129420311,10,7,3000,G3,0.4,36.0,32,11
R0000,2020-01-01,中山,芝,2200,G1,オープン,12,H056,H056,4,4,セ,5,56.0,J02,T07,470,10,16.447646099728434,11,14,1800,OP,-0.18,36.9,44,10
R0000,2020-01-01,中山,芝,2200,G1,オープン,12,H037,H037,5,5,牝,6,58.0,J03,T08,490,10,11.961082961245516,3,1,2200,3勝,0.43,36.0,22,4
R0000,2020-01-01,中山,芝,2200,G1,オープン,12,H028,H028,6,6,牝,5,56.0,J10,T02,474,-11,15.46603408998497,5,6,3200,3勝,0.87,35.5,86,5
R0000,2020-01-01,中山,芝,2200,G1,オープン,12,H042,H042,7,7,牝,5,56.0,J06,T02,500,-11,2.7265616471424137,3,13,2600,2勝,0.69,36.5,84,3
R0000,2020-01-01,中山,芝,2200,G1,オープン,12,H001,H001,8,8,セ,7,57.0,J10,T07,431,-10,1.1,2,15,3200,G3,0.92,35.6,25,1
R0000,2020-01-01,中山,芝,2200,G1,オープン,12,H055,H055,1,9,牝,7,55.0,J05,T03,450,10,20.969139099857415,10,17,2200,OP,0.84,34.5,54,9
R0000,2020-01-01,中山,芝,2200,G1,オープン,12,H057,H057,2,10,セ,4,58.0,J08,T02,485,0,12.255077490771491,6,6,1800,G2,0.5,36.1,71,7
R0000,2020-01-01,中山,芝,2200,G1,オープン,12,H034,H034,3,11,牡,4,56.0,J09,T05,436,4,15.494591943333084,6,15,3200,G2,0.44,34.4,56,6
R0000,2020-01-01,中山,芝,2200,G1,オープン,12,H060,H060,4,12,牡,7,55.0,J03,T02,441,7,24.775358372738964,11,15,2500,3勝,-0.12,35.7,75,12
R0001,2020-01-08,京都,ダート,3000,OP,2勝,10,H051,H051,1,1,牡,7,56.0,J01,T04,464,-2,8.805301403806686,8,9,3200,3勝,0.13,35.3,72,8
R0001,2020-01-08,京都,ダート,3000,OP,2勝,10,H020,H020,2,2,牝,7,57.0,J09,T02,475,3,18.9420171990683,7,13,2200,G2,0.42,36.2,27,7
R0001,2020-01-08,京都,ダート,3000,OP,2勝,10,H060,H060,3,3,牡,6,56.0,J10,T05,513,12,21.086563043409548,10,17,2000,OP,0.3,34.7,24,9
R0001,2020-01-08,京都,ダート,3000,OP,2勝,10,H057,H057,4,4,セ,4,57.0,J04,T08,511,2,18.57026287832476,10,13,2000,3勝,0.16,33.9,53,10
R0001,2020-01-08,京都,ダート,3000,OP,2勝,10,H031,H031,5,5,牝,7,54.0,J06,T04,430,1,8.92975484272809,3,9,2500,2勝,0.16,36.0,38,2
R0001,2020-01-08,京都,ダート,3000,OP,2勝,10,H013,H013,6,6,牝,4,57.0,J06,T08,484,10,8.418418075545066,4,9,2400,OP,0.16,35.6,70,3
R0001,2020-01-08,京都,ダート,3000,OP,2勝,10,H049,H049,7,7,セ,4,57.0,J08,T03,437,-5,18.931090460387665,6,4,2400,OP,0.3,36.0,83,6
R0001,2020-01-08,京都,ダート,3000,OP,2勝,10,H005,H005,8,8,牡,4,56.0,J01,T02,436,-7,7.767964820827352,5,17,2400,G2,0.74,35.1,26,4
R0001,2020-01-08,京都,ダート,3000,OP,2勝,10,H002,H002,1,9,牡,6,54.0,J05,T06,475,5,1.1,2,1,2500,G3,1.0,36.8,28,1
R0001,2020-01-08,京都,ダート,3000,OP,2勝,10,H034,H034,2,10,牝,7,56.0,J02,T03,516,-11,1.1,6,15,3000,OP,0.23,36.2,59,5
R0002,2020-01-15,阪神,ダート,1800,G2,3勝,12,H016,H016,1,1,牡,7,54.0,J09,T01,468,-5,7.073251508201025,6,8,2500,OP,0.03,34.5,71,5
R0002,2020-01-15,阪神,ダート,1800,G2,3勝,12,H052,H052,2,2,牡,7,54.0,J08,T08,456,-6,2.411408622622993,3,16,1800,G3,-0.14,34.7,43,2
R0002,2020-01-15,阪神,ダート,1800,G2,3勝,12,H007,H007,3,3,牡,5,57.0,J05,T03,482,12,9.919556225517134,3,6,2600,G3,0.68,35.3,76,4
R0002,2020-01-15,阪神,ダート,1800,G2,3勝,12,H059,H059,4,4,牝,4,54.0,J08,T06,481,-10,25.91121970687855,12,5,3000,OP,-0.61,35.9,89,12
R0002,2020-01-15,阪神,ダート,1800,G2,3勝,12,H019,H019,5,5,牡,5,57.0,J08,T07,469,3,12.166094924740662,6,6,2600,G3,0.17,36.5,35,6
R0002,2020-01-15,阪神,ダート,1800,G2,3勝,12,H042,H042,6,6,牡,6,55.0,J05,T05,510,11,13.130054311792058,6,4,2200,OP,0.57,35.1,27,7
R0002,2020-01-15,阪神,ダート,1800,G2,3勝,12,H058,H058,7,7,牝,5,57.0,J10,T03,447,-5,21.25505750266767,10,11,2000,3勝,0.25,35.7,81,10
R0002,2020-01-15,阪神,ダート,1800,G2,3勝,12,H027,H027,8,8,セ,4,57.0,J06,T04,431,-9,4.979069617601374,4,17,2600,3勝,0.99,34.1,60,3
R0002,2020-01-15,阪神,ダート,1800,G2,3勝,12,H051,H051,1,9,牡,6,57.0,J04,T06,519,6,21.256274634162743,12,7,2500,3勝,0.39,36.9,66,11
R0002,2020-01-15,阪神,ダート,1800,G2,3勝,12,H001,H001,2,10,牝,7,55.0,J04,T03,451,9,1.1,2,15,2400,2勝,0.22,35.7,33,1
R0002,2020-01-15,阪神,ダート,1800,G2,3勝,12,H025,H025,3,11,牡,6,56.0,J02,T05,517,12,18.840584763986875,7,8,2400,2勝,-0.08,35.6,31,8
R0002,2020-01-15,阪神,ダート,1800,G2,3勝,12,H035,H035,4,12,牡,6,55.0,J01,T03,461,4,16.816286224728866,9,16,1800,G3,-0.15,35.0,28,9
R0003,2020-01-22,東京,ダート,3000,G2,オープン,10,H052,H052,1,1,牝,7,56.0,J02,T08,482,7,26.356409092187963,10,15,3200,OP,-0.16,36.4,57,10
R0003,2020-01-22,東京,ダート,3000,G2,オープン,10,H044,H044,2,2,牡,7,54.0,J09,T03,486,-9,7.035357649571221,4,17,2000,G3,0.49,35.1,73,4
R0003,2020-01-22,東京,ダート,3000,G2,オープン,10,H037,H037,3,3,牝,6,54.0,J07,T03,498,8,22.15249533001769,8,13,2600,G3,1.45,35.2,58,9
R0003,2020-01-22,東京,ダート,3000,G2,オープン,10,H032,H032,4,4,牝,5,57.0,J03,T04,450,0,17.853675233230348,7,3,2000,G3,0.67,35.4,87,6
R0003,2020-01-22,東京,ダート,3000,G2,オープン,10,H024,H024,5,5,牡,7,58.0,J05,T07,472,6,8.37269425040946,4,8,2600,3勝,0.78,37.1,78,5
R0003,2020-01-22,東京,ダート,3000,G2,オープン,10,H038,H038,6,6,牝,6,56.0,J06,T01,514,9,7.688947746976568,3,11,3200,2勝,0.61,36.2,81,3
R0003,2020-01-22,東京,ダート,3000,G2,オープン,10,H045,H045,7,7,牡,6,54.0,J08,T02,484,3,19.51735368203897,7,17,2500,G2,-0.25,33.9,75,8
R0003,2020-01-22,東京,ダート,3000,G2,オープン,10,H042,H042,8,8,牝,6,54.0,J02,T04,436,6,1.1,2,14,2400,OP,0.23,33.5,36,1
R0003,2020-01-22,東京,ダート,3000,G2,オープン,10,H009,H009,1,9,セ,6,57.0,J06,T07,461,3,8.202664858788424,2,11,2500,G2,-1.55,35.9,43,2
R0003,2020-01-22,東京,ダート,3000,G2,オープン,10,H048,H048,2,10,牡,6,58.0,J07,T05,484,10,11.88341613583675,7,10,3200,G2,0.23,36.6,46,7
R0004,2020-01-29,東京,ダート,1800,G2,3勝,8,H058,H058,1,1,セ,5,56.0,J06,T02,442,-1,8.368126834638023,4,5,3000,G3,-0.08,37.0,60,5
R0004,2020-01-29,東京,ダート,1800,G2,3勝,8,H022,H022,2,2,牝,5,55.0,J10,T08,499,-5,5.576932004660932,4,14,2000,OP,0.03,35.3,29,3
R0004,2020-01-29,東京,ダート,1800,G2,3勝,8,H011,H011,3,3,牡,4,54.0,J08,T01,508,-7,11.692274147750028,5,7,2500,G3,0.58,35.2,68,6
R0004,2020-01-29,東京,ダート,1800,G2,3勝,8,H027,H027,4,4,牡,6,57.0,J06,T08,510,12,15.118854625285765,7,5,2200,3勝,0.26,35.7,31,7
R0004,2020-01-29,東京,ダート,1800,G2,3勝,8,H001,H001,5,5,牡,7,54.0,J03,T05,490,2,1.9324034675973285,1,11,3200,3勝,0.46,36.1,26,1
R0004,2020-01-29,東京,ダート,1800,G2,3勝,8,H054,H054,6,6,セ,4,58.0,J06,T05,444,-9,16.526615885702927,8,8,2200,OP,0.24,34.0,49,8
R0004,2020-01-29,東京,ダート,1800,G2,3勝,8,H014,H014,7,7,牝,4,58.0,J03,T04,513,12,4.414600909444964,2,7,2500,3勝,0.64,36.6,64,2
R0004,2020-01-29,東京,ダート,1800,G2,3勝,8,H031,H031,8,8,牝,6,58.0,J08,T03,501,4,7.826071999790922,4,9,1800,3勝,0.01,36.5,38,4
R0005,2020-02-05,東京,芝,2200,OP,2勝,11,H001,H001,1,1,牝,4,57.0,J02,T01,497,-6,6.288756500501803,3,8,2000,G3,-0.27,35.2,64,2
R0005,2020-02-05,東京,芝,2200,OP,2勝,11,H024,H024,2,2,セ,7,58.0,J08,T01,454,3,7.22485069188739,5,12,2000,2勝,-0.2,35.9,32,4
R0005,2020-02-05,東京,芝,2200,OP,2勝,11,H050,H050,3,3,セ,5,55.0,J03,T04,498,6,22.72393373213217,9,7,3000,2勝,0.42,34.1,48,10
R0005,2020-02-05,東京,芝,2200,OP,2勝,11,H037,H037,4,4,牝,7,55.0,J02,T08,458,5,25.720054345927196,11,10,2400,2勝,0.85,36.9,76,11
R0005,2020-02-05,東京,芝,2200,OP,2勝,11,H059,H059,5,5,セ,7,58.0,J01,T04,430,-11,18.944462908852696,8,7,3200,2勝,0.1,33.7,19,9
R0005,2020-02-05,東京,芝,2200,OP,2勝,11,H014,H014,6,6,牝,4,56.0,J04,T04,464,-12,1.1,1,17,2400,G3,0.67,36.3,87,1
R0005,2020-02-05,東京,芝,2200,OP,2勝,11,H025,H025,7,7,セ,4,56.0,J01,T04,432,-5,17.7887328346152,8,7,2500,3勝,1.6,34.2,74,8
R0005,2020-02-05,東京,芝,2200,OP,2勝,11,H010,H010,8,8,牡,6,56.0,J05,T05,443,6,6.969807180601277,4,7,3000,2勝,0.47,35.8,81,5
R0005,2020-02-05,東京,芝,2200,OP,2勝,11,H016,H016,1,9,セ,4,55.0,J05,T04,506,9,14.319038998857883,7,5,3000,G3,-0.18,34.7,47,7
R0005,2020-02-05,東京,芝,2200,OP,2勝,11,H029,H029,2,10,セ,7,54.0,J01,T07,494,11,10.130176141077914,3,3,2000,3勝,0.67,34.9,84,3
R0005,2020-02-05,東京,芝,2200,OP,2勝,11,H018,H018,3,11,セ,6,57.0,J09,T01,471,8,10.95923589606609,7,5,3200,2勝,0.32,34.5,68,6
R0006,2020-02-12,東京,芝,1800,G1,2勝,11,H059,H059,1,1,牝,4,56.0,J01,T06,518,2,25.552108339854446,11,7,3000,3勝,0.06,35.2,33,10
R0006,2020-02-12,東京,芝,1800,G1,2勝,11,H010,H010,2,2,牡,7,58.0,J09,T07,442,1,4.295317086175566,4,4,2200,OP,-0.46,36.5,69,3
R0006,2020-02-12,東京,芝,1800,G1,2勝,11,H058,H058,3,3,セ,4,54.0,J10,T05,512,0,19.92716761549421,10,2,1800,3勝,0.2,35.9,83,11
R0006,2020-02-12,東京,芝,1800,G1,2勝,11,H029,H029,4,4,セ,5,56.0,J06,T02,462,5,13.806445821673691,6,2,2000,2勝,0.5,36.2,60,5
R0006,2020-02-12,東京,芝,1800,G1,2勝,11,H031,H031,5,5,牡,4,56.0,J04,T06,431,-2,14.350817594947628,5,4,2200,2勝,0.3,34.9,42,4
R0006,2020-02-12,東京,芝,1800,G1,2勝,11,H015,H015,6,6,牝,5,54.0,J03,T04,517,0,5.023991010269255,1,11,2600,3勝,0.7,36.0,68,1
R0006,2020-02-12,東京,芝,1800,G1,2勝,11,H040,H040,7,7,セ,5,55.0,J10,T08,507,0,8.53748572110505,6,14,2600,OP,0.21,35.5,71,6
R0006,2020-02-12,東京,芝,1800,G1,2勝,11,H021,H021,8,8,牡,5,55.0,J06,T04,488,-12,7.061367657014973,1,14,3200,G2,0.79,34.6,15,2
R0006,2020-02-12,東京,芝,1800,G1,2勝,11,H045,H045,1,9,セ,5,54.0,J09,T02,469,-6,13.791602886009624,9,1,2400,G2,0.61,35.3,33,8
R0006,2020-02-12,東京,芝,1800,G1,2勝,11,H047,H047,2,10,牝,4,56.0,J02,T04,441,-9,15.279786365330494,8,8,3000,OP,1.26,35.0,82,7
R0006,2020-02-12,東京,芝,1800,G1,2勝,11,H052,H052,3,11,牡,4,55.0,J08,T03,431,-2,21.3453701320943,9,17,3000,3勝,-0.23,35.1,50,9
R0007,2020-02-19,京都,芝,2600,3勝,オープン,10,H028,H028,1,1,牝,6,54.0,J08,T08,470,2,14.682158242739526,5,6,3000,3勝,0.34,35.8,32,4
R0007,2020-02-19,京都,芝,2600,3勝,オープン,10,H047,H047,2,2,牡,5,58.0,J09,T03,507,10,12.12279684474443,6,12,2600,2勝,-0.02,34.1,67,6
R0007,2020-02-19,京都,芝,2600,3勝,オープン,10,H001,H001,3,3,セ,6,55.0,J06,T08,476,12,5.548370368036348,2,15,3000,OP,0.17,35.2,52,1
R0007,2020-02-19,京都,芝,2600,3勝,オープン,10,H018,H018,4,4,牝,5,58.0,J06,T01,506,0,2.7253599361121017,1,1,2500,3勝,0.74,35.1,72,2
R0007,2020-02-19,京都,芝,2600,3勝,オープン,10,H035,H035,5,5,牝,7,56.0,J04,T04,498,2,20.00800709506832,10,6,2000,OP,0.3,36.0,43,9
R0007,2020-02-19,京都,芝,2600,3勝,オープン,10,H032,H032,6,6,牡,6,57.0,J10,T08,456,2,7.115332077559263,5,11,2200,G3,1.07,35.1,48,5
R0007,2020-02-19,京都,芝,2600,3勝,オープン,10,H042,H042,7,7,牡,5,54.0,J01,T05,473,-1,21.746617545719428,10,13,2000,3勝,-0.14,35.4,75,10
R0007,2020-02-19,京都,芝,2600,3勝,オープン,10,H033,H033,8,8,牡,7,54.0,J03,T03,493,12,1.2693731685390741,3,15,2600,3勝,0.11,35.3,15,3
R0007,2020-02-19,京都,芝,2600,3勝,オープン,10,H040,H040,1,9,セ,6,54.0,J08,T03,491,1,12.163191094670383,8,12,1800,2勝,0.54,35.5,79,7
R0007,2020-02-19,京都,芝,2600,3勝,オープン,10,H049,H049,2,10,牝,6,55.0,J01,T01,499,5,13.220818499300114,7,4,2400,2勝,0.73,37.5,51,8
R0008,2020-02-26,阪神,ダート,2200,G3,オープン,12,H038,H038,1,1,牡,5,54.0,J08,T05,454,6,14.979794517751872,6,13,3000,OP,-0.18,34.9,62,7
R0008,2020-02-26,阪神,ダート,2200,G3,オープン,12,H037,H037,2,2,セ,4,54.0,J06,T05,507,6,9.814768196584673,4,2,2000,G3,0.44,36.2,42,5
R0008,2020-02-26,阪神,ダート,2200,G3,オープン,12,H044,H044,3,3,セ,5,55.0,J05,T05,484,11,15.71661349399206,9,11,2200,OP,0.54,34.9,17,8
R0008,2020-02-26,阪神,ダート,2200,G3,オープン,12,H032,H032,4,4,牡,4,54.0,J06,T03,446,6,18.684599374702103,9,17,2000,2勝,1.34,35.1,21,10
R0008,2020-02-26,阪神,ダート,2200,G3,オープン,12,H049,H049,5,5,セ,6,54.0,J06,T01,436,8,18.911480535083378,10,8,2400,2勝,-0.28,35.2,24,9
R0008,2020-02-26,阪神,ダート,2200,G3,オープン,12,H002,H002,6,6,牡,6,54.0,J06,T02,485,0,5.768122310217174,4,7,2400,3勝,0.07,34.7,33,3
R0008,2020-02-26,阪神,ダート,2200,G3,オープン,12,H056,H056,7,7,牝,7,54.0,J05,T06,433,-8,16.139903748913042,5,11,2200,OP,-0.14,35.2,66,6
R0008,2020-02-26,阪神,ダート,2200,G3,オープン,12,H017,H017,8,8,牡,5,58.0,J02,T02,456,0,11.468710411864752,4,5,2000,3勝,0.25,34.8,76,4
R0008,2020-02-26,阪神,ダート,2200,G3,オープン,12,H053,H053,1,9,牝,5,54.0,J10,T05,440,-2,22.520109968860293,12,5,2000,OP,0.94,34.8,80,11
R0008,2020-02-26,阪神,ダート,2200,G3,オープン,12,H007,H007,2,10,牡,7,55.0,J09,T02,465,-1,7.146646337202181,3,10,2000,G2,0.58,35.7,78,2
R0008,2020-02-26,阪神,ダート,2200,G3,オープン,12,H019,H019,3,11,牝,7,58.0,J06,T04,496,10,5.407264709063198,1,14,3000,G3,0.62,32.9,59,1
R0008,2020-02-26,阪神,ダート,2200,G3,オープン,12,H028,H028,4,12,牝,7,57.0,J05,T02,460,-9,29.77669997528792,12,16,2400,G3,0.21,35.6,86,12
R0009,2020-03-04,京都,ダート,2400,G1,オープン,9,H043,H043,1,1,牝,6,56.0,J03,T02,437,-12,26.54836488217782,8,12,2200,G3,0.86,36.0,77,9
R0009,2020-03-04,京都,ダート,2400,G1,オープン,9,H019,H019,2,2,セ,5,54.0,J08,T04,492,-4,12.656309584954904,7,15,2400,OP,0.56,35.9,23,6
R0009,2020-03-04,京都,ダート,2400,G1,オープン,9,H014,H014,3,3,牝,6,58.0,J10,T03,493,11,4.623446361928192,3,1,2500,G2,-0.12,34.7,21,2
R0009,2020-03-04,京都,ダート,2400,G1,オープン,9,H030,H030,4,4,牝,4,57.0,J02,T03,504,12,19.60361202242849,9,1,3000,3勝,0.74,35.6,59,8
R0009,2020-03-04,京都,ダート,2400,G1,オープン,9,H049,H049,5,5,セ,7,55.0,J04,T08,439,10,10.413246042488773,7,10,2500,G2,0.81,34.9,15,7
R0009,2020-03-04,京都,ダート,2400,G1,オープン,9,H034,H034,6,6,牡,6,55.0,J01,T08,487,11,9.143282299421774,6,12,2500,G2,-0.47,36.2,82,5
R0009,2020-03-04,京都,ダート,2400,G1,オープン,9,H025,H025,7,7,セ,7,56.0,J04,T06,504,-10,8.842842989093628,3,10,3200,OP,0.85,34.7,82,3
R0009,2020-03-04,京都,ダート,2400,G1,オープン,9,H007,H007,8,8,牡,7,58.0,J02,T02,453,-11,1.1,4,3,1800,2勝,-0.47,36.0,34,4
R0009,2020-03-04,京都,ダート,2400,G1,オープン,9,H015,H015,1,9,セ,4,55.0,J09,T05,460,10,4.140692642717401,1,14,1800,2勝,1.22,36.0,55,1
R0010,2020-03-11,東京,芝,2500,3勝,2勝,8,H019,H019,1,1,牝,6,56.0,J01,T06,474,9,9.52570891819049,5,11,3200,G3,0.69,36.1,26,6
R0010,2020-03-11,東京,芝,2500,3勝,2勝,8,H015,H015,2,2,牡,6,55.0,J03,T03,493,-1,6.911670022460996,4,11,3000,G3,-0.23,34.3,38,3
R0010,2020-03-11,東京,芝,2500,3勝,2勝,8,H028,H028,3,3,牡,6,54.0,J10,T07,500,5,12.171587467506711,7,5,2200,3勝,0.07,34.8,17,7
R0010,2020-03-11,東京,芝,2500,3勝,2勝,8,H042,H042,4,4,牝,6,57.0,J06,T01,467,7,8.6275092109881,5,4,3200,3勝,0.54,34.4,19,5
R0010,2020-03-11,東京,芝,2500,3勝,2勝,8,H036,H036,5,5,牝,4,55.0,J08,T08,443,10,16.656197889635727,8,12,3200,G3,0.97,36.2,38,8
R0010,2020-03-11,東京,芝,2500,3勝,2勝,8,H008,H008,6,6,セ,6,57.0,J03,T07,474,-7,1.1,2,17,3000,3勝,0.5,34.1,55,1
R0010,2020-03-11,東京,芝,2500,3勝,2勝,8,H010,H010,7,7,セ,4,58.0,J07,T05,430,8,3.682266630845669,3,5,2500,G3,0.01,36.8,59,2
R0010,2020-03-11,東京,芝,2500,3勝,2勝,8,H027,H027,8,8,牡,7,56.0,J06,T08,490,4,10.405737983767299,5,17,3200,3勝,0.85,34.6,38,4
R0011,2020-03-18,東京,芝,2500,G3,2勝,11,H013,H013,1,1,牝,5,54.0,J07,T05,481,-6,4.15700290713775,1,11,2200,3勝,0.03,34.8,32,1
R0011,2020-03-18,東京,芝,2500,G3,2勝,11,H002,H002,2,2,牡,4,57.0,J01,T08,443,8,11.234577263269077,2,15,2000,3勝,0.52,34.2,14,3
R0011,2020-03-18,東京,芝,2500,G3,2勝,11,H005,H005,3,3,牝,4,57.0,J01,T02,486,4,4.456881944727196,2,13,2600,G2,0.55,35.5,85,2
R0011,2020-03-18,東京,芝,2500,G3,2勝,11,H009,H009,4,4,牝,6,54.0,J03,T04,445,7,4.712668306746753,4,2,1800,3勝,0.86,36.5,24,4
R0011,2020-03-18,東京,芝,2500,G3,2勝,11,H027,H027,5,5,セ,6,55.0,J01,T01,479,8,15.120040587875998,6,13,2400,G2,0.4,34.1,53,7
R0011,2020-03-18,東京,芝,2500,G3,2勝,11,H059,H059,6,6,牡,7,57.0,J08,T04,463,-7,17.424397956213937,8,15,2200,2勝,0.81,34.4,24,8
R0011,2020-03-18,東京,芝,2500,G3,2勝,11,H029,H029,7,7,牝,7,57.0,J05,T05,433,-9,12.370157005035187,6,8,3200,G3,0.59,34.5,16,5
R0011,2020-03-18,東京,芝,2500,G3,2勝,11,H055,H055,8,8,牝,6,57.0,J10,T06,452,-12,23.133216078064965,11,1,1800,G2,-0.11,35.8,50,10
R0011,2020-03-18,東京,芝,2500,G3,2勝,11,H015,H015,1,9,牡,7,56.0,J10,T02,469,1,15.487739065869317,6,13,2600,3勝,-0.31,35.4,82,6
R0011,2020-03-18,東京,芝,2500,G3,2勝,11,H044,H044,2,10,セ,5,54.0,J08,T07,519,6,28.364849673008614,10,17,3200,3勝,1.21,35.2,81,11
R0011,2020-03-18,東京,芝,2500,G3,2勝,11,H058,H058,3,11,牝,5,55.0,J06,T07,517,-8,18.868319860501778,8,13,3000,3勝,-0.24,35.6,25,9
R0012,2020-03-25,東京,ダート,1800,3勝,オープン,12,H009,H009,1,1,セ,7,55.0,J03,T07,507,-12,7.185662854524063,1,17,3200,2勝,0.49,35.4,57,2
R0012,2020-03-25,東京,ダート,1800,3勝,オープン,12,H043,H043,2,2,セ,5,56.0,J05,T08,477,8,23.18402626885848,12,6,2200,G2,1.39,35.3,18,11
R0012,2020-03-25,東京,ダート,1800,3勝,オープン,12,H027,H027,3,3,セ,6,54.0,J03,T05,442,-3,15.921529640431094,7,11,3200,G2,0.12,36.2,20,8
R0012,2020-03-25,東京,ダート,1800,3勝,オープン,12,H021,H021,4,4,牝,6,55.0,J10,T08,462,2,18.462961247284476,9,16,3000,2勝,0.37,35.8,28,9
R0012,2020-03-25,東京,ダート,1800,3勝,オープン,12,H002,H002,5,5,セ,7,54.0,J09,T05,437,11,4.710320999088893,2,7,2400,2勝,0.57,36.0,56,1
R0012,2020-03-25,東京,ダート,1800,3勝,オープン,12,H053,H053,6,6,セ,5,54.0,J10,T03,483,11,19.00748378407755,9,9,2500,OP,1.24,34.8,75,10
R0012,2020-03-25,東京,ダート,1800,3勝,オープン,12,H046,H046,7,7,牝,7,54.0,J03,T02,495,8,14.978409355978805,8,11,3000,G2,0.55,35.7,43,7
R0012,2020-03-25,東京,ダート,1800,3勝,オープン,12,H022,H022,8,8,セ,4,55.0,J01,T03,432,12,5.091232129695289,3,11,1800,3勝,0.44,35.7,38,3
R0012,2020-03-25,東京,ダート,1800,3勝,オープン,12,H026,H026,1,9,牡,6,57.0,J05,T04,512,7,12.040239636101454,6,5,2600,G2,0.75,35.9,55,5
R0012,2020-03-25,東京,ダート,1800,3勝,オープン,12,H015,H015,2,10,セ,6,55.0,J05,T07,438,9,3.9212333773601893,3,17,3200,3勝,-0.34,35.2,14,4
R0012,2020-03-25,東京,ダート,1800,3勝,オープン,12,H038,H038,3,11,セ,4,57.0,J07,T06,448,11,9.545775124375332,6,15,2000,G3,0.8,35.1,72,6
R0012,2020-03-25,東京,ダート,1800,3勝,オープン,12,H041,H041,4,12,牡,4,56.0,J09,T01,443,-11,28.479850624176052,11,9,1800,G2,0.66,35.3,77,12
R0013,2020-04-01,東京,芝,3200,G2,3勝,12,H025,H025,1,1,牝,5,54.0,J04,T01,455,0,17.46586007344168,8,7,2200,3勝,0.88,34.8,19,8
R0013,2020-04-01,東京,芝,3200,G2,3勝,12,H017,H017,2,2,牝,5,55.0,J09,T03,473,10,3.296238632364981,3,17,2000,OP,-0.47,35.5,31,2
R0013,2020-04-01,東京,芝,3200,G2,3勝,12,H034,H034,3,3,牝,5,54.0,J10,T05,507,-3,29.27305033990505,12,6,3200,OP,0.65,36.0,67,12
R0013,2020-04-01,東京,芝,3200,G2,3勝,12,H029,H029,4,4,セ,7,57.0,J06,T04,472,-12,10.260344163364607,8,6,2600,OP,0.48,36.8,14,7
R0013,2020-04-01,東京,芝,3200,G2,3勝,12,H002,H002,5,5,牝,7,57.0,J09,T05,472,3,1.1,2,14,1800,G3,1.06,34.8,16,1
R0013,2020-04-01,東京,芝,3200,G2,3勝,12,H018,H018,6,6,牡,5,58.0,J02,T05,433,-12,5.331465433190183,5,12,2600,3勝,0.22,35.7,36,5
R0013,2020-04-01,東京,芝,3200,G2,3勝,12,H014,H014,7,7,牡,5,54.0,J06,T04,477,-6,8.819828321907933,5,3,2600,2勝,1.02,35.9,25,6
R0013,2020-04-01,東京,芝,3200,G2,3勝,12,H037,H037,8,8,牡,5,54.0,J03,T03,450,-10,25.25073800949651,9,3,2000,OP,1.7,34.6,83,9
R0013,2020-04-01,東京,芝,3200,G2,3勝,12,H052,H052,1,9,牝,7,54.0,J08,T05,470,-4,16.987606847568095,11,8,2500,G3,-0.11,34.0,29,10
R0013,2020-04-01,東京,芝,3200,G2,3勝,12,H022,H022,2,10,セ,6,58.0,J02,T01,509,8,7.432860277501017,5,1,3200,2勝,0.78,35.8,36,4
R0013,2020-04-01,東京,芝,3200,G2,3勝,12,H001,H001,3,11,牝,6,58.0,J01,T04,499,4,4.2693123688639165,2,15,3200,G2,0.14,33.8,59,3
R0013,2020-04-01,東京,芝,3200,G2,3勝,12,H060,H060,4,12,牡,5,57.0,J08,T02,480,6,28.68879543946821,10,16,1800,G2,-0.21,33.2,37,11
R0014,2020-04-08,中山,芝,2600,3勝,2勝,11,H005,H005,1,1,セ,5,54.0,J03,T01,519,4,8.441973092972558,4,8,2600,3勝,-0.33,36.8,20,4
R0014,2020-04-08,中山,芝,2600,3勝,2勝,11,H041,H041,2,2,セ,6,55.0,J02,T05,498,3,13.959551466116562,11,14,2600,2勝,-0.24,34.0,78,10
R0014,2020-04-08,中山,芝,2600,3勝,2勝,11,H033,H033,3,3,牡,7,56.0,J01,T02,517,7,16.556762751188405,8,15,3000,G3,-0.14,35.6,23,9
R0014,2020-04-08,中山,芝,2600,3勝,2勝,11,H030,H030,4,4,セ,5,57.0,J09,T06,456,7,9.285909675015873,3,17,1800,OP,-0.39,34.9,35,3
R0014,2020-04-08,中山,芝,2600,3勝,2勝,11,H011,H011,5,5,牝,5,54.0,J09,T06,512,2,1.1,1,15,2200,3勝,0.41,34.6,74,1
R0014,2020-04-08,中山,芝,2600,3勝,2勝,11,H029,H029,6,6,セ,5,54.0,J10,T07,489,-1,10.922344088605367,4,14,3000,3勝,0.25,35.8,32,5
R0014,2020-04-08,中山,芝,2600,3勝,2勝,11,H019,H019,7,7,牝,5,57.0,J10,T01,488,-7,9.760949700167213,6,9,2400,2勝,0.21,36.4,66,6
R0014,2020-04-08,中山,芝,2600,3勝,2勝,11,H004,H004,8,8,牝,5,57.0,J05,T05,432,-2,18.18512209480698,7,14,2600,G2,0.47,35.5,14,8
R0014,2020-04-08,中山,芝,2600,3勝,2勝,11,H055,H055,1,9,牝,7,55.0,J10,T04,467,1,23.35309887750748,10,7,2400,OP,-0.67,36.8,52,11
R0014,2020-04-08,中山,芝,2600,3勝,2勝,11,H001,H001,2,10,牡,4,57.0,J08,T07,455,-8,5.5368194603461465,3,7,3000,G2,1.75,35.2,32,2
R0014,2020-04-08,中山,芝,2600,3勝,2勝,11,H038,H038,3,11,セ,4,56.0,J02,T06,481,7,12.023017959202273,6,2,1800,2勝,0.28,36.3,46,7
R0015,2020-04-15,阪神,芝,2200,G1,2勝,11,H051,H051,1,1,セ,4,56.0,J04,T03,435,-11,20.45912403237758,10,3,2000,2勝,0.35,35.2,42,11
R0015,2020-04-15,阪神,芝,2200,G1,2勝,11,H015,H015,2,2,セ,7,56.0,J01,T01,491,8,18.614070680430675,8,15,2000,G3,0.12,36.1,27,8
R0015,2020-04-15,阪神,芝,2200,G1,2勝,11,H024,H024,3,3,セ,5,57.0,J02,T06,459,1,22.28153931641751,9,10,2500,G2,-0.16,36.2,86,10
R0015,2020-04-15,阪神,芝,2200,G1,2勝,11,H002,H002,4,4,牡,5,55.0,J04,T04,471,-12,11.694770296671106,4,16,2000,2勝,0.86,35.0,42,5
R0015,2020-04-15,阪神,芝,2200,G1,2勝,11,H020,H020,5,5,牝,6,55.0,J09,T02,438,-6,7.833151687527739,5,7,2400,G3,0.26,36.1,55,6
R0015,2020-04-15,阪神,芝,2200,G1,2勝,11,H017,H017,6,6,牡,4,55.0,J10,T05,479,-9,5.803552362988394,3,15,2400,3勝,0.54,35.4,62,4
R0015,2020-04-15,阪神,芝,2200,G1,2勝,11,H029,H029,7,7,牡,5,55.0,J05,T05,503,10,19.968811777270737,9,4,2200,3勝,0.07,35.4,37,9
R0015,2020-04-15,阪神,芝,2200,G1,2勝,11,H038,H038,8,8,牝,4,55.0,J02,T02,482,9,8.591604453643926,1,8,2200,2勝,0.04,35.5,21,2
R0015,2020-04-15,阪神,芝,2200,G1,2勝,11,H054,H054,1,9,牝,7,55.0,J03,T02,504,-3,7.92503055943649,8,1,3000,OP,0.81,34.9,22,7
R0015,2020-04-15,阪神,芝,2200,G1,2勝,11,H037,H037,2,10,セ,5,54.0,J05,T03,432,8,7.363548431325141,2,14,1800,G2,0.23,36.3,89,3
R0015,2020-04-15,阪神,芝,2200,G1,2勝,11,H006,H006,3,11,牡,5,54.0,J05,T05,479,6,1.1,1,12,1800,OP,-0.29,35.5,76,1
R0016,2020-04-22,東京,ダート,3200,OP,3勝,11,H016,H016,1,1,牡,4,54.0,J08,T05,446,-6,3.553579964010615,1,1,2600,G2,0.27,36.9,21,2
R0016,2020-04-22,東京,ダート,3200,OP,3勝,11,H029,H029,2,2,セ,7,54.0,J01,T07,461,-6,11.90417509887782,8,14,3200,G3,-0.43,34.7,67,9
R0016,2020-04-22,東京,ダート,3200,OP,3勝,11,H054,H054,3,3,セ,6,57.0,J06,T03,494,7,21.213831944804472,9,10,2200,G2,-0.69,34.9,49,10
R0016,2020-04-22,東京,ダート,3200,OP,3勝,11,H023,H023,4,4,牝,6,56.0,J06,T02,467,-5,10.388054151160897,4,4,1800,2勝,-0.09,34.8,70,5
R0016,2020-04-22,東京,ダート,3200,OP,3勝,11,H003,H003,5,5,セ,7,55.0,J03,T04,460,-5,1.1,1,7,2500,OP,-0.03,36.7,20,1
R0016,2020-04-22,東京,ダート,3200,OP,3勝,11,H038,H038,6,6,牝,4,57.0,J10,T03,455,-12,16.49226490804263,10,11,2200,G2,0.24,34.8,33,11
R0016,2020-04-22,東京,ダート,3200,OP,3勝,11,H039,H039,7,7,セ,6,58.0,J04,T06,444,10,12.957934512050786,8,5,3000,G3,0.27,36.0,24,7
R0016,2020-04-22,東京,ダート,3200,OP,3勝,11,H020,H020,8,8,セ,7,58.0,J01,T03,518,10,21.572332363983858,7,8,2600,2勝,1.08,36.9,71,8
R0016,2020-04-22,東京,ダート,3200,OP,3勝,11,H031,H031,1,9,牝,6,54.0,J01,T04,438,4,1.9435651462384174,3,6,2400,2勝,0.61,35.1,34,4
R0016,2020-04-22,東京,ダート,3200,OP,3勝,11,H025,H025,2,10,牡,5,57.0,J02,T04,461,12,1.2757982298106159,2,4,2400,G2,0.19,37.2,16,3
R0016,2020-04-22,東京,ダート,3200,OP,3勝,11,H015,H015,3,11,牝,5,55.0,J09,T08,435,-9,7.579028362029919,6,16,3200,3勝,0.13,35.7,50,6
R0017,2020-04-29,京都,芝,2200,G2,2勝,9,H015,H015,1,1,牡,4,58.0,J08,T04,487,3,6.412871569903659,3,14,3200,OP,0.55,36.1,15,3
R0017,2020-04-29,京都,芝,2200,G2,2勝,9,H022,H022,2,2,牡,5,56.0,J09,T08,460,-4,4.210431690708501,2,7,1800,3勝,0.37,35.6,77,2
R0017,2020-04-29,京都,芝,2200,G2,2勝,9,H028,H028,3,3,牝,6,55.0,J03,T01,500,-7,17.694374702603547,8,10,2400,OP,0.43,35.5,79,9
R0017,2020-04-29,京都,芝,2200,G2,2勝,9,H033,H033,4,4,牡,5,55.0,J05,T05,469,-8,6.348508696364474,4,14,3000,3勝,-0.03,34.4,48,5
R0017,2020-04-29,京都,芝,2200,G2,2勝,9,H026,H026,5,5,牝,4,54.0,J10,T08,465,8,12.524378751368996,7,14,2500,OP,0.73,36.1,30,7
R0017,2020-04-29,京都,芝,2200,G2,2勝,9,H009,H009,6,6,牝,7,54.0,J02,T01,480,2,5.011093931198779,1,16,3000,3勝,-0.36,36.8,52,1
R0017,2020-04-29,京都,芝,2200,G2,2勝,9,H010,H010,7,7,セ,5,56.0,J01,T05,473,-8,3.020700519322138,4,4,2400,2勝,0.24,34.3,59,4
R0017,2020-04-29,京都,芝,2200,G2,2勝,9,H005,H005,8,8,セ,6,54.0,J05,T02,494,12,16.924345601064992,9,15,1800,OP,0.13,35.2,88,8
R0017,2020-04-29,京都,芝,2200,G2,2勝,9,H055,H055,1,9,牝,6,55.0,J01,T04,439,-1,10.07397792300616,6,12,3000,OP,0.29,36.7,78,6
R0018,2020-05-06,阪神,芝,1800,G2,オープン,8,H022,H022,1,1,牡,6,58.0,J10,T01,434,12,7.858524954108395,6,4,3000,OP,-0.09,35.1,26,5
R0018,2020-05-06,阪神,芝,1800,G2,オープン,8,H002,H002,2,2,牝,6,58.0,J02,T08,469,-11,4.931071954697414,3,4,3200,G2,0.03,35.5,55,3
R0018,2020-05-06,阪神,芝,1800,G2,オープン,8,H003,H003,3,3,セ,5,58.0,J02,T04,487,-11,1.1,2,7,2400,OP,-0.15,37.0,87,1
R0018,2020-05-06,阪神,芝,1800,G2,オープン,8,H034,H034,4,4,牡,6,56.0,J08,T05,487,-8,19.650125925432015,7,15,2400,2勝,-0.38,35.1,67,8
R0018,2020-05-06,阪神,芝,1800,G2,オープン,8,H028,H028,5,5,牡,7,54.0,J08,T07,490,2,6.135265931620574,3,2,1800,2勝,1.24,35.4,56,4
R0018,2020-05-06,阪神,芝,1800,G2,オープン,8,H038,H038,6,6,セ,6,56.0,J04,T01,438,11,12.123944507751425,6,1,2500,G2,1.22,35.4,46,7
R0018,2020-05-06,阪神,芝,1800,G2,オープン,8,H040,H040,7,7,牝,5,55.0,J05,T06,459,-7,4.877024672642721,3,11,1800,2勝,0.16,34.1,45,2
R0018,2020-05-06,阪神,芝,1800,G2,オープン,8,H026,H026,8,8,セ,7,54.0,J08,T02,441,8,13.007176275269176,6,1,2400,2勝,0.2,34.8,42,6
R0019,2020-05-13,阪神,芝,2400,G2,オープン,12,H048,H048,1,1,牝,6,54.0,J01,T05,481,-9,27.71551734372353,12,7,3200,G3,0.75,34.9,58,12
R0019,2020-05-13,阪神,芝,2400,G2,オープン,12,H039,H039,2,2,セ,6,57.0,J08,T08,466,-4,15.540147769313629,10,9,2500,G2,1.4,34.0,36,9
R0019,2020-05-13,阪神,芝,2400,G2,オープン,12,H018,H018,3,3,牝,5,56.0,J05,T02,472,2,11.535441003991373,7,1,3000,2勝,0.63,34.7,24,7
R0019,2020-05-13,阪神,芝,2400,G2,オープン,12,H043,H043,4,4,セ,7,54.0,J07,T03,484,-4,20.41207721904475,11,8,1800,3勝,-0.12,36.6,60,11
R0019,2020-05-13,阪神,芝,2400,G2,オープン,12,H012,H012,5,5,牝,5,58.0,J04,T03,471,6,3.9830308888005783,2,11,1800,G3,0.06,36.5,53,2
R0019,2020-05-13,阪神,芝,2400,G2,オープン,12,H008,H008,6,6,セ,5,55.0,J06,T01,496,7,1.1,1,6,3000,OP,0.45,35.9,57,1
R0019,2020-05-13,阪神,芝,2400,G2,オープン,12,H024,H024,7,7,牡,4,57.0,J10,T07,443,0,7.381142117983519,5,13,2200,2勝,0.76,35.6,20,4
R0019,2020-05-13,阪神,芝,2400,G2,オープン,12,H044,H044,8,8,牡,4,55.0,J01,T03,472,-8,9.055614887734295,4,10,3200,3勝,0.05,34.8,67,5
R0019,2020-05-13,阪神,芝,2400,G2,オープン,12,H058,H058,1,9,牡,4,55.0,J09,T06,437,3,6.902211609036982,4,11,3000,2勝,0.27,35.3,82,3
R0019,2020-05-13,阪神,芝,2400,G2,オープン,12,H047,H047,2,10,牡,5,58.0,J10,T08,507,-8,17.950332128537536,9,14,1800,2勝,0.53,36.3,47,8
R0019,2020-05-13,阪神,芝,2400,G2,オープン,12,H026,H026,3,11,セ,5,58.0,J10,T03,455,4,9.155581928121524,7,5,2400,G3,0.42,36.1,27,6
R0019,2020-05-13,阪神,芝,2400,G2,オープン,12,H060,H060,4,12,牝,6,57.0,J09,T07,463,-9,25.55894016566051,11,6,2600,G2,0.25,33.9,19,10
R0020,2020-05-20,京都,芝,2500,G1,3勝,9,H056,H056,1,1,牡,6,56.0,J06,T05,444,10,18.140017024777233,7,5,1800,OP,-0.63,34.6,48,8
R0020,2020-05-20,京都,芝,2500,G1,3勝,9,H021,H021,2,2,牝,5,55.0,J05,T05,442,-5,9.899881101293868,5,6,3000,OP,0.57,35.6,65,4
R0020,2020-05-20,京都,芝,2500,G1,3勝,9,H054,H054,3,3,牝,7,54.0,J07,T06,484,-1,10.92879682277544,8,6,2500,3勝,0.25,36.1,88,7
R0020,2020-05-20,京都,芝,2500,G1,3勝,9,H032,H032,4,4,セ,6,56.0,J01,T05,489,12,13.02991415670311,7,11,2400,G3,0.09,36.7,35,6
R0020,2020-05-20,京都,芝,2500,G1,3勝,9,H029,H029,5,5,セ,6,54.0,J06,T04,504,-2,5.867780990817912,1,4,3200,G3,0.87,36.2,75,2
R0020,2020-05-20,京都,芝,2500,G1,3勝,9,H016,H016,6,6,牝,5,56.0,J04,T06,430,-3,6.96872737454351,6,1,2400,G2,0.12,35.4,81,5
R0020,2020-05-20,京都,芝,2500,G1,3勝,9,H045,H045,7,7,セ,5,57.0,J08,T02,485,9,18.69594500675825,9,9,3000,G2,0.39,35.2,47,9
R0020,2020-05-20,京都,芝,2500,G1,3勝,9,H005,H005,8,8,牝,7,58.0,J01,T05,507,10,2.257506677723104,1,8,2200,2勝,1.39,34.5,64,1
R0020,2020-05-20,京都,芝,2500,G1,3勝,9,H022,H022,1,9,牝,6,56.0,J08,T06,442,2,8.981287902544185,2,13,2000,G2,0.02,35.8,32,3
R0021,2020-05-27,中山,ダート,1800,G2,2勝,8,H005,H005,1,1,セ,7,58.0,J01,T08,433,7,5.601550403864193,3,1,3000,G2,0.2,35.6,64,4
R0021,2020-05-27,中山,ダート,1800,G2,2勝,8,H025,H025,2,2,セ,4,54.0,J03,T07,513,-5,1.1,1,12,3200,OP,0.09,36.4,84,1
R0021,2020-05-27,中山,ダート,1800,G2,2勝,8,H024,H024,3,3,セ,6,55.0,J01,T02,434,-2,9.53260754776107,6,5,2200,OP,0.56,36.4,32,6
R0021,2020-05-27,中山,ダート,1800,G2,2勝,8,H004,H004,4,4,牝,4,54.0,J01,T01,515,2,2.4229449640548752,3,12,2500,OP,0.1,36.0,21,3
R0021,2020-05-27,中山,ダート,1800,G2,2勝,8,H042,H042,5,5,牝,4,56.0,J05,T07,437,2,7.410403357013795,6,11,3000,3勝,1.14,36.0,31,7
R0021,2020-05-27,中山,ダート,1800,G2,2勝,8,H021,H021,6,6,セ,5,57.0,J10,T06,468,8,8.883846256246205,6,3,2400,G2,-0.09,35.3,49,5
R0021,2020-05-27,中山,ダート,1800,G2,2勝,8,H051,H051,7,7,牝,5,57.0,J02,T04,515,2,11.762661122404067,8,2,3000,G3,-0.22,35.4,66,8
R0021,2020-05-27,中山,ダート,1800,G2,2勝,8,H002,H002,8,8,牡,5,57.0,J06,T02,498,0,2.351491014419912,2,13,2400,OP,0.11,36.4,20,2
R0022,2020-06-03,阪神,芝,2500,3勝,3勝,8,H055,H055,1,1,牝,6,58.0,J08,T05,430,-3,9.440445133268357,5,13,2600,G2,-0.14,37.2,40,5
R0022,2020-06-03,阪神,芝,2500,3勝,3勝,8,H019,H019,2,2,牝,7,56.0,J06,T07,506,-6,1.9658297306192587,4,8,2200,OP,0.37,35.7,53,3
R0022,2020-06-03,阪神,芝,2500,3勝,3勝,8,H004,H004,3,3,牝,6,55.0,J05,T05,455,12,8.378174708985288,2,15,2600,G3,1.2,36.7,82,2
R0022,2020-06-03,阪神,芝,2500,3勝,3勝,8,H052,H052,4,4,牡,4,54.0,J07,T01,441,-6,17.749181869533693,8,3,2000,OP,-0.28,35.4,84,8
R0022,2020-06-03,阪神,芝,2500,3勝,3勝,8,H010,H010,5,5,セ,7,55.0,J04,T03,495,0,1.1,2,15,3000,2勝,0.12,36.0,43,1
R0022,2020-06-03,阪神,芝,2500,3勝,3勝,8,H029,H029,6,6,牡,4,58.0,J08,T06,479,-1,1.6908012127316816,3,13,2000,G2,0.94,35.6,57,4
R0022,2020-06-03,阪神,芝,2500,3勝,3勝,8,H048,H048,7,7,牝,5,54.0,J09,T08,461,-2,14.94556046920603,7,13,2600,2勝,0.8,36.2,84,7
R0022,2020-06-03,阪神,芝,2500,3勝,3勝,8,H026,H026,8,8,牝,6,54.0,J09,T07,472,-1,10.422734203111817,6,11,2500,2勝,-0.6,36.1,76,6
R0023,2020-06-10,阪神,ダート,2400,G3,2勝,10,H052,H052,1,1,牡,5,54.0,J03,T06,460,-7,17.571719351805186,10,7,1800,2勝,1.23,36.0,33,10
R0023,2020-06-10,阪神,ダート,2400,G3,2勝,10,H011,H011,2,2,セ,5,56.0,J01,T02,509,-2,6.011082110446551,2,11,1800,3勝,0.47,34.5,24,3
R0023,2020-06-10,阪神,ダート,2400,G3,2勝,10,H032,H032,3,3,セ,6,54.0,J06,T06,477,2,6.070964050346822,2,11,3200,G2,0.89,35.2,59,1
R0023,2020-06-10,阪神,ダート,2400,G3,2勝,10,H012,H012,4,4,牡,6,58.0,J09,T02,483,10,7.537282795716955,6,8,1800,G3,-0.11,36.4,86,5
R0023,2020-06-10,阪神,ダート,2400,G3,2勝,10,H049,H049,5,5,牡,5,55.0,J09,T07,456,-1,19.453818816779414,8,1,3000,OP,0.21,34.5,17,9
R0023,2020-06-10,阪神,ダート,2400,G3,2勝,10,H013,H013,6,6,牡,5,58.0,J09,T06,464,-12,2.7058185759617066,3,9,2000,G3,-0.11,35.4,62,2
R0023,2020-06-10,阪神,ダート,2400,G3,2勝,10,H045,H045,7,7,牡,6,58.0,J03,T07,473,12,19.218646108866963,9,13,2500,G2,0.24,36.2,76,8
R0023,2020-06-10,阪神,ダート,2400,G3,2勝,10,H027,H027,8,8,セ,4,56.0,J04,T07,430,-7,9.652736445155545,6,7,1800,G3,1.06,37.4,83,6
R0023,2020-06-10,阪神,ダート,2400,G3,2勝,10,H010,H010,1,9,牝,5,58.0,J10,T02,447,3,12.192895516950067,8,11,2200,G2,0.11,35.5,65,7
R0023,2020-06-10,阪神,ダート,2400,G3,2勝,10,H022,H022,2,10,セ,4,55.0,J01,T03,454,-11,8.876836868076506,3,1,2000,3勝,-0.86,34.3,35,4
R0024,2020-06-17,中山,芝,2200,3勝,2勝,12,H006,H006,1,1,牝,7,58.0,J06,T01,457,-4,5.8854804266391465,1,2,2000,2勝,0.64,35.3,74,2
R0024,2020-06-17,中山,芝,2200,3勝,2勝,12,H011,H011,2,2,牡,5,55.0,J01,T05,511,-7,23.601925537952,12,8,2600,3勝,1.11,36.2,81,12
R0024,2020-06-17,中山,芝,2200,3勝,2勝,12,H033,H033,3,3,牡,6,58.0,J05,T01,447,0,9.31730930600596,5,17,2600,G3,-0.33,34.1,89,5
R0024,2020-06-17,中山,芝,2200,3勝,2勝,12,H022,H022,4,4,牡,6,58.0,J04,T04,461,2,22.14996654011411,11,16,2500,3勝,0.7,35.7,74,11
R0024,2020-06-17,中山,芝,2200,3勝,2勝,12,H017,H017,5,5,牝,6,56.0,J09,T01,465,1,4.707214044053627,1,12,1800,G3,0.53,34.7,77,1
R0024,2020-06-17,中山,芝,2200,3勝,2勝,12,H021,H021,6,6,牡,5,54.0,J06,T03,510,1,11.030151529654791,3,14,3000,G2,0.05,34.9,63,4
R0024,2020-06-17,中山,芝,2200,3勝,2勝,12,H036,H036,7,7,牡,5,57.0,J04,T04,462,-4,18.63475519067737,10,16,2400,2勝,0.15,35.8,46,10
R0024,2020-06-17,中山,芝,2200,3勝,2勝,12,H056,H056,8,8,牝,4,57.0,J07,T02,518,-5,15.044195466965002,7,17,3200,2勝,-0.45,35.9,43,7
R0024,2020-06-17,中山,芝,2200,3勝,2勝,12,H030,H030,1,9,牡,7,56.0,J03,T02,446,-9,17.726497566687335,9,9,2500,G3,0.83,34.6,71,9
R0024,2020-06-17,中山,芝,2200,3勝,2勝,12,H003,H003,2,10,セ,4,54.0,J09,T05,501,6,3.4621399836979023,2,12,3000,2勝,-0.56,34.6,45,3
R0024,2020-06-17,中山,芝,2200,3勝,2勝,12,H023,H023,3,11,牡,7,57.0,J04,T07,505,-10,7.394612661561119,7,11,2600,OP,1.14,35.4,76,6
R0024,2020-06-17,中山,芝,2200,3勝,2勝,12,H042,H042,4,12,セ,4,58.0,J02,T01,506,11,13.568975001308784,8,9,2500,G3,0.76,36.1,30,8
R0025,2020-06-24,東京,芝,2500,OP,2勝,11,H022,H022,1,1,牝,4,55.0,J03,T04,485,-6,8.187086166157517,4,17,2500,3勝,0.7,35.1,73,5
R0025,2020-06-24,東京,芝,2500,OP,2勝,11,H041,H041,2,2,牡,5,54.0,J06,T02,486,1,14.003926006627424,6,14,1800,G3,-0.68,35.3,52,6
R0025,2020-06-24,東京,芝,2500,OP,2勝,11,H049,H049,3,3,牡,4,57.0,J08,T04,464,12,1.1,2,12,3000,G2,0.45,36.0,60,3
R0025,2020-06-24,東京,芝,2500,OP,2勝,11,H044,H044,4,4,セ,4,58.0,J04,T05,467,7,18.72686423462379,9,17,2200,3勝,0.7,35.8,24,10
R0025,2020-06-24,東京,芝,2500,OP,2勝,11,H008,H008,5,5,牝,4,55.0,J02,T07,517,-6,1.1,3,11,1800,2勝,0.1,34.8,60,2
R0025,2020-06-24,東京,芝,2500,OP,2勝,11,H054,H054,6,6,セ,4,55.0,J08,T02,432,-11,19.057207326688545,10,16,2000,OP,-0.04,34.5,74,11
R0025,2020-06-24,東京,芝,2500,OP,2勝,11,H028,H028,7,7,牡,4,54.0,J08,T04,490,-10,14.935428310851808,6,1,2500,G3,0.91,35.5,46,7
R0025,2020-06-24,東京,芝,2500,OP,2勝,11,H003,H003,8,8,牡,7,57.0,J05,T02,450,-4,4.986034796075934,1,8,2000,2勝,0.71,35.3,69,1
R0025,2020-06-24,東京,芝,2500,OP,2勝,11,H045,H045,1,9,牡,5,57.0,J05,T07,448,-5,19.626175642490352,10,6,2000,3勝,1.04,36.1,41,9
R0025,2020-06-24,東京,芝,2500,OP,2勝,11,H039,H039,2,10,セ,4,57.0,J09,T06,456,7,13.121540472632631,3,8,3200,G3,0.69,34.4,82,4
R0025,2020-06-24,東京,芝,2500,OP,2勝,11,H057,H057,3,11,牝,4,54.0,J04,T05,446,4,17.676937401413515,9,8,3200,OP,1.11,35.3,53,8
R0026,2020-07-01,中山,ダート,3000,G1,オープン,9,H029,H029,1,1,牡,7,58.0,J02,T02,483,7,14.262055201864149,3,2,3200,2勝,0.49,34.1,72,4
R0026,2020-07-01,中山,ダート,3000,G1,オープン,9,H038,H038,2,2,セ,4,56.0,J08,T03,473,-1,18.031315036558087,9,10,2600,G3,0.59,37.3,34,9
R0026,2020-07-01,中山,ダート,3000,G1,オープン,9,H037,H037,3,3,牝,4,56.0,J04,T01,462,-12,14.371765936401976,6,6,2500,3勝,-0.68,35.9,46,7
R0026,2020-07-01,中山,ダート,3000,G1,オープン,9,H030,H030,4,4,牡,5,55.0,J03,T02,492,12,11.07779108875792,2,14,2500,G2,0.29,35.6,35,3
R0026,2020-07-01,中山,ダート,3000,G1,オープン,9,H026,H026,5,5,セ,7,58.0,J06,T01,430,2,16.243713206343195,8,16,2000,G3,1.11,35.9,32,8
R0026,2020-07-01,中山,ダート,3000,G1,オープン,9,H043,H043,6,6,牝,7,58.0,J09,T07,464,1,6.5394508659871855,6,3,2400,G3,0.47,34.2,48,5
R0026,2020-07-01,中山,ダート,3000,G1,オープン,9,H057,H057,7,7,牝,7,58.0,J03,T03,488,-12,9.88108410579099,5,13,2000,OP,0.67,34.6,57,6
R0026,2020-07-01,中山,ダート,3000,G1,オープン,9,H028,H028,8,8,セ,6,55.0,J09,T01,516,-7,8.854709465496455,1,5,2400,2勝,0.18,34.5,41,2
R0026,2020-07-01,中山,ダート,3000,G1,オープン,9,H007,H007,1,9,牡,4,55.0,J08,T07,464,12,3.774439454497129,1,13,2600,G3,-0.19,36.0,32,1
R0027,2020-07-08,東京,芝,3000,G2,2勝,11,H039,H039,1,1,牝,5,56.0,J10,T07,492,3,23.39821686379429,10,6,2600,3勝,0.29,36.7,49,10
R0027,2020-07-08,東京,芝,3000,G2,2勝,11,H005,H005,2,2,牡,6,56.0,J04,T01,504,-9,5.14004626400922,3,10,2400,G3,0.26,36.4,25,3
R0027,2020-07-08,東京,芝,3000,G2,2勝,11,H001,H001,3,3,牝,4,56.0,J02,T02,505,3,11.487807131192168,6,6,2500,3勝,0.63,35.2,58,6
R0027,2020-07-08,東京,芝,3000,G2,2勝,11,H015,H015,4,4,牡,6,56.0,J01,T08,508,-7,13.615541269643591,6,4,2000,2勝,0.84,33.8,54,5
R0027,2020-07-08,東京,芝,3000,G2,2勝,11,H024,H024,5,5,牡,6,54.0,J05,T03,479,-8,8.62977916861875,8,14,2400,3勝,0.1,34.8,18,7
R0027,2020-07-08,東京,芝,3000,G2,2勝,11,H011,H011,6,6,セ,7,58.0,J07,T06,472,-5,1.1,2,10,2200,OP,0.17,36.1,59,2
R0027,2020-07-08,東京,芝,3000,G2,2勝,11,H014,H014,7,7,牡,7,56.0,J04,T01,492,9,14.037315472191793,9,4,3200,2勝,0.66,35.5,32,9
R0027,2020-07-08,東京,芝,3000,G2,2勝,11,H013,H013,8,8,牡,6,58.0,J01,T03,455,6,2.261876800371543,2,8,3200,2勝,0.21,35.6,47,1
R0027,2020-07-08,東京,芝,3000,G2,2勝,11,H040,H040,1,9,牡,5,58.0,J05,T02,512,5,14.17137240988805,7,5,1800,2勝,0.07,35.0,46,8
R0027,2020-07-08,東京,芝,3000,G2,2勝,11,H008,H008,2,10,牡,6,55.0,J05,T02,510,4,2.7587544038961482,4,8,3000,OP,0.48,35.0,56,4
R0027,2020-07-08,東京,芝,3000,G2,2勝,11,H046,H046,3,11,牡,4,54.0,J06,T04,443,6,19.27629948733947,11,16,3200,OP,-0.61,36.4,14,11
R0028,2020-07-15,阪神,芝,2600,G3,オープン,9,H016,H016,1,1,牝,7,54.0,J07,T07,502,-9,7.979913517062372,1,2,1800,3勝,0.66,35.9,84,2
R0028,2020-07-15,阪神,芝,2600,G3,オープン,9,H028,H028,2,2,セ,6,56.0,J01,T02,500,6,7.710136068681135,5,5,2600,3勝,0.89,36.1,52,4
R0028,2020-07-15,阪神,芝,2600,G3,オープン,9,H046,H046,3,3,牝,6,54.0,J06,T01,439,7,19.08980659495111,7,1,1800,3勝,1.18,36.1,42,8
R0028,2020-07-15,阪神,芝,2600,G3,オープン,9,H034,H034,4,4,牝,6,55.0,J01,T05,483,-8,14.105832574742713,7,9,3000,G2,0.47,36.5,22,7
R0028,2020-07-15,阪神,芝,2600,G3,オープン,9,H004,H004,5,5,牡,6,57.0,J04,T01,488,0,6.852800466707082,2,9,2500,OP,1.24,34.3,76,1
R0028,2020-07-15,阪神,芝,2600,G3,オープン,9,H058,H058,6,6,牡,7,58.0,J10,T02,435,-2,18.179909873552,9,7,1800,G2,0.68,35.9,25,9
R0028,2020-07-15,阪神,芝,2600,G3,オープン,9,H005,H005,7,7,牝,6,58.0,J01,T06,469,11,7.228802724502716,6,16,1800,3勝,0.49,35.2,41,5
R0028,2020-07-15,阪神,芝,2600,G3,オープン,9,H025,H025,8,8,牝,7,54.0,J08,T05,453,5,5.13153283055742,3,16,2600,2勝,0.99,35.1,47,3
R0028,2020-07-15,阪神,芝,2600,G3,オープン,9,H035,H035,1,9,牡,7,58.0,J02,T04,455,-4,13.980121009192935,7,8,3200,OP,0.83,35.9,14,6
R0029,2020-07-22,京都,芝,3200,G2,2勝,11,H009,H009,1,1,牡,7,54.0,J06,T02,453,-12,8.256994001197848,2,3,2400,OP,0.48,36.5,68,3
R0029,2020-07-22,京都,芝,3200,G2,2勝,11,H011,H011,2,2,牡,5,57.0,J04,T03,519,2,10.090231547074254,4,10,2400,3勝,0.25,34.6,79,5
R0029,2020-07-22,京都,芝,3200,G2,2勝,11,H042,H042,3,3,牝,4,57.0,J10,T02,519,2,20.329141519617686,10,2,2400,G3,0.28,34.5,69,11
R0029,2020-07-22,京都,芝,3200,G2,2勝,11,H003,H003,4,4,牝,5,55.0,J09,T07,459,12,7.93827220186971,3,6,3000,2勝,0.19,35.9,33,4
R0029,2020-07-22,京都,芝,3200,G2,2勝,11,H008,H008,5,5,牡,4,54.0,J06,T06,440,-1,1.1,1,15,2600,G2,-0.12,37.0,41,2
R0029,2020-07-22,京都,芝,3200,G2,2勝,11,H055,H055,6,6,牝,5,58.0,J05,T07,514,5,22.254059340248922,9,8,1800,2勝,1.62,35.4,16,9
R0029,2020-07-22,京都,芝,3200,G2,2勝,11,H048,H048,7,7,牡,5,58.0,J05,T01,510,-1,7.260209795295923,1,10,3000,2勝,0.68,35.6,81,1
R0029,2020-07-22,京都,芝,3200,G2,2勝,11,H060,H060,8,8,セ,6,56.0,J03,T02,483,12,14.220327668391825,7,7,1800,2勝,-0.4,34.9,23,6
R0029,2020-07-22,京都,芝,3200,G2,2勝,11,H058,H058,1,9,セ,7,57.0,J10,T02,444,-4,18.007008712811945,9,5,3200,OP,-0.21,35.1,78,8
R0029,2020-07-22,京都,芝,3200,G2,2勝,11,H052,H052,2,10,牝,7,57.0,J01,T01,460,-2,20.491553098590757,8,4,3200,2勝,0.68,35.3,77,7
R0029,2020-07-22,京都,芝,3200,G2,2勝,11,H057,H057,3,11,セ,4,54.0,J05,T08,516,7,22.580660505363614,9,2,1800,G2,0.37,36.2,72,10
R0030,2020-07-29,京都,芝,2000,3勝,オープン,12,H046,H046,1,1,牡,4,56.0,J03,T08,484,-12,9.359677633278487,6,15,3200,G3,0.06,36.1,24,7
R0030,2020-07-29,京都,芝,2000,3勝,オープン,12,H023,H023,2,2,牡,5,55.0,J02,T05,439,5,16.057007618879293,8,12,3200,G3,0.6,35.1,39,8
R0030,2020-07-29,京都,芝,2000,3勝,オープン,12,H009,H009,3,3,牝,5,57.0,J10,T02,501,4,2.9530360504316118,1,1,2600,3勝,-0.13,35.8,64,1
R0030,2020-07-29,京都,芝,2000,3勝,オープン,12,H038,H038,4,4,牝,5,57.0,J03,T04,490,7,23.051967833701315,10,10,2000,3勝,-0.43,34.5,33,10
R0030,2020-07-29,京都,芝,2000,3勝,オープン,12,H020,H020,5,5,牝,7,54.0,J02,T06,507,-2,6.227256480725989,2,3,2500,G3,0.15,35.7,27,2
R0030,2020-07-29,京都,芝,2000,3勝,オープン,12,H045,H045,6,6,牝,6,56.0,J07,T05,508,-12,21.5858551617852,12,12,2000,3勝,0.94,35.1,53,11
R0030,2020-07-29,京都,芝,2000,3勝,オープン,12,H051,H051,7,7,牝,4,56.0,J08,T06,510,2,26.16529876808121,11,15,3200,3勝,0.35,35.1,56,12
R0030,2020-07-29,京都,芝,2000,3勝,オープン,12,H031,H031,8,8,セ,6,57.0,J02,T08,450,-12,15.5314285846446,8,14,2000,3勝,0.01,35.3,28,9
R0030,2020-07-29,京都,芝,2000,3勝,オープン,12,H041,H041,1,9,セ,4,57.0,J02,T03,452,-12,5.604611984567974,3,1,2200,G2,0.7,35.5,73,4
R0030,2020-07-29,京都,芝,2000,3勝,オープン,12,H004,H004,2,10,牝,6,58.0,J04,T04,452,-4,11.32685007301904,6,9,1800,2勝,0.66,37.2,72,5
R0030,2020-07-29,京都,芝,2000,3勝,オープン,12,H029,H029,3,11,牝,7,54.0,J01,T06,480,8,4.965600077253639,2,10,3000,G3,0.65,35.3,25,3
R0030,2020-07-29,京都,芝,2000,3勝,オープン,12,H021,H021,4,12,牝,5,57.0,J06,T07,454,10,9.971278067635508,7,6,1800,2勝,0.27,36.3,75,6
R0031,2020-08-05,中山,芝,2200,G2,2勝,11,H029,H029,1,1,セ,4,58.0,J02,T06,495,3,10.634104756716006,4,16,1800,3勝,0.54,36.8,25,5
R0031,2020-08-05,中山,芝,2200,G2,2勝,11,H018,H018,2,2,セ,4,57.0,J05,T03,462,7,19.50108564730301,8,11,2000,G2,-0.15,35.3,59,9
R0031,2020-08-05,中山,芝,2200,G2,2勝,11,H010,H010,3,3,セ,6,57.0,J09,T01,461,8,8.912103984682776,4,12,2200,G2,1.14,35.6,44,4
R0031,2020-08-05,中山,芝,2200,G2,2勝,11,H015,H015,4,4,セ,4,58.0,J01,T07,468,2,10.157665685110414,7,2,2200,3勝,0.83,37.4,80,7
R0031,2020-08-05,中山,芝,2200,G2,2勝,11,H004,H004,5,5,セ,4,56.0,J03,T07,466,-2,2.2714571807312947,1,13,2200,G3,0.52,34.3,71,1
R0031,2020-08-05,中山,芝,2200,G2,2勝,11,H002,H002,6,6,牡,6,55.0,J08,T01,519,-6,7.80219771073558,3,10,2200,2勝,0.27,35.2,58,3
R0031,2020-08-05,中山,芝,2200,G2,2勝,11,H044,H044,7,7,セ,4,54.0,J05,T01,508,-12,16.607905013297295,10,8,2500,OP,-0.5,34.6,81,11
R0031,2020-08-05,中山,芝,2200,G2,2勝,11,H011,H011,8,8,牝,6,56.0,J02,T03,448,5,13.146218625115395,9,6,1800,G2,0.75,35.2,47,8
R0031,2020-08-05,中山,芝,2200,G2,2勝,11,H005,H005,1,9,セ,4,58.0,J02,T08,430,3,3.574391291137218,1,13,2200,3勝,0.46,35.2,28,2
R0031,2020-08-05,中山,芝,2200,G2,2勝,11,H048,H048,2,10,牝,6,54.0,J09,T07,451,6,21.350969788426077,9,9,3000,G3,0.75,33.9,53,10
R0031,2020-08-05,中山,芝,2200,G2,2勝,11,H022,H022,3,11,牡,6,54.0,J06,T04,459,-7,9.696183453679474,7,11,2400,G2,-0.54,36.3,66,6
R0032,2020-08-12,中山,芝,2500,OP,3勝,8,H051,H051,1,1,セ,6,56.0,J09,T04,433,5,16.26964856219525,6,3,3000,OP,0.12,36.0,64,7
R0032,2020-08-12,中山,芝,2500,OP,3勝,8,H027,H027,2,2,牡,4,55.0,J06,T08,467,-6,11.16905100298345,6,4,3000,3勝,0.18,34.4,56,5
R0032,2020-08-12,中山,芝,2500,OP,3勝,8,H017,H017,3,3,牡,6,54.0,J09,T08,488,-7,3.523254504019966,2,3,1800,2勝,0.38,34.6,23,2
R0032,2020-08-12,中山,芝,2500,OP,3勝,8,H003,H003,4,4,セ,7,54.0,J01,T05,499,4,1.1,1,2,1800,2勝,0.59,36.7,71,1
R0032,2020-08-12,中山,芝,2500,OP,3勝,8,H055,H055,5,5,牝,5,57.0,J05,T08,489,-5,19.33701514023403,8,5,3000,G2,-0.13,35.6,85,8
R0032,2020-08-12,中山,芝,2500,OP,3勝,8,H033,H033,6,6,セ,6,56.0,J10,T06,430,-12,5.120042902152418,5,2,2600,OP,0.92,35.2,30,4
R0032,2020-08-12,中山,芝,2500,OP,3勝,8,H014,H014,7,7,牡,7,56.0,J07,T01,433,-2,5.494878559032222,3,15,1800,3勝,0.39,34.3,29,3
R0032,2020-08-12,中山,芝,2500,OP,3勝,8,H036,H036,8,8,牡,6,57.0,J03,T02,508,6,17.81474096176279,5,10,2500,G2,0.04,36.2,57,6
R0033,2020-08-19,東京,ダート,2600,G3,2勝,11,H016,H016,1,1,牝,4,57.0,J04,T07,518,-3,4.841792308242875,2,5,2000,OP,1.11,35.1,70,3
R0033,2020-08-19,東京,ダート,2600,G3,2勝,11,H014,H014,2,2,セ,4,54.0,J08,T03,469,1,17.17910523055844,6,2,1800,OP,1.47,34.5,48,7
R0033,2020-08-19,東京,ダート,2600,G3,2勝,11,H058,H058,3,3,セ,5,57.0,J10,T08,490,10,21.473734164792322,7,11,3000,G3,0.91,33.3,24,8
R0033,2020-08-19,東京,ダート,2600,G3,2勝,11,H036,H036,4,4,セ,4,55.0,J07,T08,439,8,17.344640685827912,11,5,2500,2勝,0.59,35.2,16,10
R0033,2020-08-19,東京,ダート,2600,G3,2勝,11,H025,H025,5,5,牡,6,57.0,J02,T08,447,9,3.717758848522827,6,10,2200,2勝,0.65,37.6,74,5
R0033,2020-08-19,東京,ダート,2600,G3,2勝,11,H032,H032,6,6,セ,7,55.0,J06,T07,461,-8,9.64729461012087,7,10,2500,G2,0.67,35.2,75,6
R0033,2020-08-19,東京,ダート,2600,G3,2勝,11,H002,H002,7,7,セ,6,57.0,J06,T01,460,-8,4.323739835253685,1,12,2200,G2,1.21,35.9,72,1
R0033,2020-08-19,東京,ダート,2600,G3,2勝,11,H019,H019,8,8,セ,5,55.0,J05,T03,514,-9,5.796680938459252,4,6,3000,3勝,0.88,36.7,86,4
R0033,2020-08-19,東京,ダート,2600,G3,2勝,11,H024,H024,1,9,牝,6,55.0,J07,T06,499,-3,17.763732842005226,9,13,1800,3勝,-0.24,34.9,52,9
R0033,2020-08-19,東京,ダート,2600,G3,2勝,11,H035,H035,2,10,セ,7,54.0,J02,T06,470,0,24.76678049982045,11,5,2600,G2,0.34,36.8,59,11
R0033,2020-08-19,東京,ダート,2600,G3,2勝,11,H009,H009,3,11,セ,7,54.0,J10,T03,455,-4,8.354054014016265,1,11,1800,2勝,-0.57,35.3,79,2
R0034,2020-08-26,中山,芝,2600,3勝,2勝,11,H014,H014,1,1,セ,4,58.0,J10,T02,441,-8,3.1128542398202175,1,14,3200,3勝,-0.41,34.9,41,1
R0034,2020-08-26,中山,芝,2600,3勝,2勝,11,H056,H056,2,2,セ,5,54.0,J07,T03,475,4,23.13256297391831,10,4,3200,3勝,-0.18,36.0,59,11
R0034,2020-08-26,中山,芝,2600,3勝,2勝,11,H002,H002,3,3,セ,7,56.0,J03,T06,449,-11,1.6975798116229592,4,2,2500,G3,0.15,34.8,31,3
R0034,2020-08-26,中山,芝,2600,3勝,2勝,11,H034,H034,4,4,セ,7,55.0,J01,T08,431,-2,23.416947570000765,8,1,2200,G2,0.02,34.3,78,9
R0034,2020-08-26,中山,芝,2600,3勝,2勝,11,H027,H027,5,5,牡,5,55.0,J06,T05,469,1,7.240136264563031,5,15,3000,3勝,0.27,35.3,58,5
R0034,2020-08-26,中山,芝,2600,3勝,2勝,11,H012,H012,6,6,セ,4,55.0,J09,T01,490,-3,7.7204183886733135,2,6,1800,OP,1.22,35.3,79,2
R0034,2020-08-26,中山,芝,2600,3勝,2勝,11,H038,H038,7,7,牡,7,54.0,J04,T07,466,11,17.1554521220965,7,9,2400,G2,0.3,36.2,62,6
R0034,2020-08-26,中山,芝,2600,3勝,2勝,11,H033,H033,8,8,牝,5,58.0,J10,T06,430,10,17.650886755442528,7,15,2200,2勝,0.83,35.8,29,8
R0034,2020-08-26,中山,芝,2600,3勝,2勝,11,H043,H043,1,9,牝,5,55.0,J05,T05,459,2,12.918638323985448,8,13,2500,G3,0.6,35.7,39,7
R0034,2020-08-26,中山,芝,2600,3勝,2勝,11,H020,H020,2,10,牡,5,58.0,J06,T05,459,8,8.2912174104508,3,6,2400,OP,0.07,35.4,70,4
R0034,2020-08-26,中山,芝,2600,3勝,2勝,11,H052,H052,3,11,牡,4,54.0,J03,T08,446,-8,13.413528114591015,9,9,2200,2勝,1.4,34.7,53,10
R0035,2020-09-02,東京,芝,2000,G1,3勝,11,H026,H026,1,1,牡,7,54.0,J02,T08,444,-12,20.61073841990474,9,11,2200,OP,0.61,34.9,82,10
R0035,2020-09-02,東京,芝,2000,G1,3勝,11,H029,H029,2,2,牡,6,57.0,J09,T06,489,-7,17.923080851715103,6,5,2200,G2,0.32,34.5,77,7
R0035,2020-09-02,東京,芝,2000,G1,3勝,11,H055,H055,3,3,牡,7,57.0,J01,T07,484,12,14.512362189088478,6,1,3200,G2,0.88,35.3,15,6
R0035,2020-09-02,東京,芝,2000,G1,3勝,11,H032,H032,4,4,牡,5,55.0,J01,T01,488,-4,16.87749800250155,8,1,1800,2勝,-0.12,35.0,85,8
R0035,2020-09-02,東京,芝,2000,G1,3勝,11,H007,H007,5,5,牡,7,54.0,J03,T08,437,-10,1.466659386287687,2,15,2200,2勝,0.94,36.5,42,1
R0035,2020-09-02,東京,芝,2000,G1,3勝,11,H030,H030,6,6,牡,4,55.0,J03,T08,441,-12,13.421401914508902,6,11,3000,G3,0.22,34.1,68,5
R0035,2020-09-02,東京,芝,2000,G1,3勝,11,H005,H005,7,7,牝,4,55.0,J03,T04,495,8,7.656536421750463,1,2,2000,2勝,0.8,35.7,77,2
R0035,2020-09-02,東京,芝,2000,G1,3勝,11,H051,H051,8,8,セ,7,54.0,J06,T05,453,7,16.880836473659958,9,6,2400,3勝,0.68,36.3,44,9
R0035,2020-09-02,東京,芝,2000,G1,3勝,11,H043,H043,1,9,セ,6,56.0,J01,T06,465,-5,7.7825441616086355,3,10,1800,2勝,-0.23,35.3,76,4
R0035,2020-09-02,東京,芝,2000,G1,3勝,11,H060,H060,2,10,牝,6,58.0,J02,T02,495,-11,18.626742499483484,10,12,3200,G3,1.15,36.5,85,11
R0035,2020-09-02,東京,芝,2000,G1,3勝,11,H034,H034,3,11,牡,5,54.0,J01,T08,493,6,6.042322761336883,3,17,2000,OP,0.03,36.6,28,3
R0036,2020-09-09,京都,ダート,1800,G2,2勝,9,H010,H010,1,1,セ,6,58.0,J09,T05,451,12,3.83161192078198,3,14,1800,G2,0.39,35.4,79,3
R0036,2020-09-09,京都,ダート,1800,G2,2勝,9,H014,H014,2,2,セ,5,54.0,J09,T03,516,-5,8.387110219360071,4,7,2400,G2,0.3,36.3,17,5
R0036,2020-09-09,京都,ダート,1800,G2,2勝,9,H048,H048,3,3,牡,6,58.0,J10,T07,504,-6,16.57395757066375,8,6,3200,G3,1.01,34.8,75,7
R0036,2020-09-09,京都,ダート,1800,G2,2勝,9,H040,H040,4,4,セ,7,57.0,J07,T04,437,-5,10.346343520925037,6,14,1800,3勝,0.55,34.6,19,6
R0036,2020-09-09,京都,ダート,1800,G2,2勝,9,H051,H051,5,5,セ,4,54.0,J06,T05,480,-5,9.8215103254489,5,16,1800,G3,0.72,35.9,56,4
R0036,2020-09-09,京都,ダート,1800,G2,2勝,9,H059,H059,6,6,牡,7,58.0,J09,T01,459,-2,16.717109451186516,9,14,3000,G2,-0.14,37.3,59,9
R0036,2020-09-09,京都,ダート,1800,G2,2勝,9,H056,H056,7,7,セ,7,56.0,J03,T02,437,12,17.44730132300928,8,6,1800,OP,1.17,36.2,74,8
R0036,2020-09-09,京都,ダート,1800,G2,2勝,9,H015,H015,8,8,牡,5,56.0,J04,T03,440,0,1.1,1,8,2200,OP,-0.15,36.3,45,1
R0036,2020-09-09,京都,ダート,1800,G2,2勝,9,H003,H003,1,9,牡,7,57.0,J01,T05,445,10,2.6470277698355344,2,2,2200,3勝,-0.13,36.8,89,2
R0037,2020-09-16,中山,ダート,2400,G1,オープン,11,H054,H054,1,1,セ,7,58.0,J05,T02,462,-2,17.676462201093685,11,3,3200,2勝,0.46,34.4,51,10
R0037,2020-09-16,中山,ダート,2400,G1,オープン,11,H052,H052,2,2,牡,4,58.0,J09,T06,482,-12,16.153241770839063,7,3,2500,G2,0.6,34.6,36,8
R0037,2020-09-16,中山,ダート,2400,G1,オープン,11,H044,H044,3,3,牝,4,54.0,J07,T02,494,-12,7.0856691934893945,2,6,3200,OP,0.45,36.0,83,3
R0037,2020-09-16,中山,ダート,2400,G1,オープン,11,H008,H008,4,4,セ,4,54.0,J10,T01,502,-4,3.841719633022606,1,17,1800,G2,1.35,33.6,88,1
R0037,2020-09-16,中山,ダート,2400,G1,オープン,11,H050,H050,5,5,牡,7,58.0,J01,T06,458,1,21.073178752687046,8,7,2200,G2,0.61,33.8,59,9
R0037,2020-09-16,中山,ダート,2400,G1,オープン,11,H025,H025,6,6,牝,7,57.0,J05,T02,487,-2,16.14466395132716,8,15,2500,2勝,1.13,35.8,69,7
R0037,2020-09-16,中山,ダート,2400,G1,オープン,11,H053,H053,7,7,牝,7,55.0,J01,T06,438,-4,20.762854130145165,10,11,2500,G2,0.22,35.0,15,11
R0037,2020-09-16,中山,ダート,2400,G1,オープン,11,H024,H024,8,8,牡,6,56.0,J09,T01,505,-2,4.534436484122365,3,15,2000,G2,0.56,35.3,79,4
R0037,2020-09-16,中山,ダート,2400,G1,オープン,11,H029,H029,1,9,牝,6,57.0,J06,T07,511,2,13.2601568594765,4,5,2400,3勝,0.67,35.8,62,5
R0037,2020-09-16,中山,ダート,2400,G1,オープン,11,H019,H019,2,10,牝,4,58.0,J07,T04,475,-11,1.1,2,10,3200,G3,0.78,34.9,30,2
R0037,2020-09-16,中山,ダート,2400,G1,オープン,11,H010,H010,3,11,牡,6,56.0,J05,T08,492,0,14.099872642459317,7,9,3200,3勝,0.77,36.8,32,6
R0038,2020-09-23,京都,芝,3200,G3,オープン,12,H027,H027,1,1,牝,5,57.0,J09,T01,481,-5,23.662781500756473,11,16,3200,OP,1.32,35.8,24,11
R0038,2020-09-23,京都,芝,3200,G3,オープン,12,H003,H003,2,2,牝,6,54.0,J02,T08,512,6,8.549400588533443,3,5,2600,2勝,-0.18,36.7,55,2
R0038,2020-09-23,京都,芝,3200,G3,オープン,12,H057,H057,3,3,セ,7,56.0,J08,T06,431,-12,10.097696688290107,4,9,3000,OP,0.09,34.0,68,5
R0038,2020-09-23,京都,芝,3200,G3,オープン,12,H023,H023,4,4,牝,6,57.0,J04,T05,479,-8,15.096085750274472,7,16,3000,G3,0.93,34.9,14,7
R0038,2020-09-23,京都,芝,3200,G3,オープン,12,H012,H012,5,5,牡,5,57.0,J08,T04,430,-7,9.17264983196823,2,1,1800,G3,0.55,36.4,64,3
R0038,2020-09-23,京都,芝,3200,G3,オープン,12,H050,H050,6,6,牝,6,58.0,J10,T02,495,-12,19.931545809355686,11,4,2000,2勝,0.22,36.3,65,10
R0038,2020-09-23,京都,芝,3200,G3,オープン,12,H034,H034,7,7,セ,7,54.0,J03,T06,462,11,6.864178656751103,5,1,2000,G3,-0.09,36.1,39,4
R0038,2020-09-23,京都,芝,3200,G3,オープン,12,H013,H013,8,8,牡,7,57.0,J04,T05,454,5,14.261634977039026,6,7,1800,G3,0.33,35.0,71,6
R0038,2020-09-23,京都,芝,3200,G3,オープン,12,H015,H015,1,9,牡,7,56.0,J09,T01,517,7,3.202513658047888,2,1,3200,G3,-0.25,36.7,30,1
R0038,2020-09-23,京都,芝,3200,G3,オープン,12,H044,H044,2,10,セ,5,54.0,J09,T02,436,-2,18.423110308866047,9,17,3200,OP,-0.18,35.0,19,8
R0038,2020-09-23,京都,芝,3200,G3,オープン,12,H016,H016,3,11,セ,4,58.0,J04,T05,440,-8,12.444131757417752,8,17,1800,OP,0.64,34.0,84,9
R0038,2020-09-23,京都,芝,3200,G3,オープン,12,H042,H042,4,12,セ,6,55.0,J01,T07,470,-11,21.337806760524167,12,6,3200,3勝,0.74,36.6,20,12
R0039,2020-09-30,京都,芝,3000,3勝,3勝,10,H009,H009,1,1,牡,4,55.0,J10,T02,518,11,1.4513908144976377,1,3,2200,2勝,0.09,36.4,53,2
R0039,2020-09-30,京都,芝,3000,3勝,3勝,10,H032,H032,2,2,牡,6,58.0,J03,T05,433,-11,7.654251582108094,5,8,3000,3勝,0.87,34.2,66,4
R0039,2020-09-30,京都,芝,3000,3勝,3勝,10,H034,H034,3,3,牝,5,57.0,J07,T03,479,0,8.009059281185111,6,10,2200,G3,0.35,34.7,34,5
R0039,2020-09-30,京都,芝,3000,3勝,3勝,10,H025,H025,4,4,牝,5,54.0,J06,T08,448,0,6.350030999663448,3,16,1800,G3,0.32,35.2,76,3
R0039,2020-09-30,京都,芝,3000,3勝,3勝,10,H036,H036,5,5,セ,4,58.0,J05,T06,439,-6,15.304614487419977,7,17,2500,G2,0.31,34.8,70,8
R0039,2020-09-30,京都,芝,3000,3勝,3勝,10,H044,H044,6,6,セ,5,56.0,J04,T01,437,3,23.297676118017307,9,11,1800,3勝,0.48,36.2,85,10
R0039,2020-09-30,京都,芝,3000,3勝,3勝,10,H027,H027,7,7,牡,5,57.0,J02,T02,493,1,15.27373760004308,7,4,1800,2勝,0.42,34.6,36,6
R0039,2020-09-30,京都,芝,3000,3勝,3勝,10,H012,H012,8,8,セ,5,56.0,J07,T04,453,-12,2.8951967569952153,1,7,3000,3勝,0.65,35.2,78,1
R0039,2020-09-30,京都,芝,3000,3勝,3勝,10,H047,H047,1,9,牡,5,55.0,J05,T03,510,4,19.644943698880876,10,16,2500,2勝,0.45,34.7,56,9
R0039,2020-09-30,京都,芝,3000,3勝,3勝,10,H051,H051,2,10,牝,7,56.0,J02,T06,514,-7,19.755088388818447,7,17,2200,G2,0.89,35.6,17,7
R0040,2020-10-07,京都,芝,2200,OP,2勝,11,H012,H012,1,1,牝,6,56.0,J02,T05,508,-8,5.01324766486774,1,14,1800,G3,0.83,35.3,61,2
R0040,2020-10-07,京都,芝,2200,OP,2勝,11,H059,H059,2,2,牡,6,57.0,J09,T04,459,10,22.12001141199596,11,4,1800,OP,0.27,34.9,69,10
R0040,2020-10-07,京都,芝,2200,OP,2勝,11,H047,H047,3,3,牝,4,56.0,J10,T08,487,10,15.118631735468169,7,4,2200,2勝,0.31,37.1,28,8
R0040,2020-10-07,京都,芝,2200,OP,2勝,11,H037,H037,4,4,牝,6,54.0,J09,T08,481,3,2.9333251667090616,5,13,2400,G2,0.04,36.2,53,4
R0040,2020-10-07,京都,芝,2200,OP,2勝,11,H045,H045,5,5,牝,6,58.0,J03,T05,472,10,24.93352150094627,11,14,2600,OP,0.35,36.1,44,11
R0040,2020-10-07,京都,芝,2200,OP,2勝,11,H020,H020,6,6,牝,6,58.0,J09,T06,489,-6,8.985713483129619,4,8,1800,G3,0.63,35.9,30,5
R0040,2020-10-07,京都,芝,2200,OP,2勝,11,H048,H048,7,7,牡,7,55.0,J03,T03,440,1,15.700500350440365,7,14,3000,G3,0.69,34.8,44,7
R0040,2020-10-07,京都,芝,2200,OP,2勝,11,H028,H028,8,8,牝,5,57.0,J10,T07,466,9,7.947494965926515,7,17,2200,2勝,0.16,36.7,17,6
R0040,2020-10-07,京都,芝,2200,OP,2勝,11,H027,H027,1,9,牝,6,57.0,J01,T01,493,-5,9.746831468971314,3,12,3200,OP,0.41,34.9,76,3
R0040,2020-10-07,京都,芝,2200,OP,2勝,11,H035,H035,2,10,牝,6,58.0,J08,T08,490,-9,1.1,1,12,3000,G3,0.46,35.9,62,1
R0040,2020-10-07,京都,芝,2200,OP,2勝,11,H056,H056,3,11,セ,4,55.0,J08,T06,438,11,16.92069357600998,8,14,1800,3勝,0.32,35.4,26,9
R0041,2020-10-14,中山,芝,3000,3勝,2勝,11,H037,H037,1,1,セ,5,56.0,J03,T05,483,3,19.854316850297113,9,12,3000,G3,1.05,36.8,16,10
R0041,2020-10-14,中山,芝,3000,3勝,2勝,11,H020,H020,2,2,牡,4,55.0,J01,T02,432,-2,9.293353603221485,4,17,2600,G2,-0.23,35.1,27,4
R0041,2020-10-14,中山,芝,3000,3勝,2勝,11,H030,H030,3,3,牝,7,58.0,J07,T06,482,12,10.608669810609443,6,1,1800,3勝,0.21,34.8,75,6
R0041,2020-10-14,中山,芝,3000,3勝,2勝,11,H044,H044,4,4,牡,4,54.0,J02,T05,431,8,14.680283671318387,10,4,2400,OP,0.72,35.9,42,9
R0041,2020-10-14,中山,芝,3000,3勝,2勝,11,H036,H036,5,5,牡,7,55.0,J07,T05,449,7,19.533228491953892,8,10,2000,OP,0.17,35.9,60,7
R0041,2020-10-14,中山,芝,3000,3勝,2勝,11,H055,H055,6,6,牝,6,56.0,J09,T05,503,-8,28.70071783208258,11,10,3200,3勝,1.38,35.7,71,11
R0041,2020-10-14,中山,芝,3000,3勝,2勝,11,H011,H011,7,7,牝,5,55.0,J02,T04,469,-9,2.6283999641329343,1,17,2500,G3,0.47,34.7,45,1
R0041,2020-10-14,中山,芝,3000,3勝,2勝,11,H029,H029,8,8,牡,4,57.0,J02,T04,489,0,6.462701321461249,2,6,2600,OP,0.21,35.7,51,3
R0041,2020-10-14,中山,芝,3000,3勝,2勝,11,H033,H033,1,9,牡,4,54.0,J04,T08,503,-10,18.20618409859053,9,6,2200,OP,0.3,33.2,34,8
R0041,2020-10-14,中山,芝,3000,3勝,2勝,11,H012,H012,2,10,牡,5,55.0,J01,T07,478,-10,5.375327965487957,1,9,1800,G2,0.25,35.5,83,2
R0041,2020-10-14,中山,芝,3000,3勝,2勝,11,H010,H010,3,11,牡,4,54.0,J10,T07,436,-2,11.460339965984513,5,2,2400,G3,1.26,35.2,85,5
R0042,2020-10-21,阪神,芝,2500,G3,3勝,12,H033,H033,1,1,牡,4,55.0,J08,T05,506,-8,10.657007844883317,5,6,2500,2勝,1.09,34.8,37,4
R0042,2020-10-21,阪神,芝,2500,G3,3勝,12,H045,H045,2,2,セ,7,58.0,J01,T08,515,5,16.538400555280926,10,13,2400,G2,-0.09,35.4,65,9
R0042,2020-10-21,阪神,芝,2500,G3,3勝,12,H012,H012,3,3,牡,6,55.0,J06,T04,487,12,1.1,1,10,2500,OP,-0.88,35.1,57,1
R0042,2020-10-21,阪神,芝,2500,G3,3勝,12,H035,H035,4,4,セ,4,58.0,J07,T07,448,6,27.77516931665349,11,9,3200,3勝,0.43,36.2,80,12
R0042,2020-10-21,阪神,芝,2500,G3,3勝,12,H025,H025,5,5,牝,4,57.0,J03,T06,481,-7,13.113443947072247,6,8,3000,G3,-0.09,36.6,30,5
R0042,2020-10-21,阪神,芝,2500,G3,3勝,12,H054,H054,6,6,牡,6,56.0,J08,T01,455,7,20.18476142530561,11,3,2600,G3,0.31,36.5,70,10
R0042,2020-10-21,阪神,芝,2500,G3,3勝,12,H032,H032,7,7,セ,6,55.0,J02,T07,461,0,3.6956184879228835,1,11,2500,3勝,0.31,34.8,42,2
R0042,2020-10-21,阪神,芝,2500,G3,3勝,12,H030,H030,8,8,牝,6,56.0,J05,T07,504,-6,10.35233935176217,5,17,3200,3勝,1.5,34.4,25,6
R0042,2020-10-21,阪神,芝,2500,G3,3勝,12,H002,H002,1,9,セ,7,58.0,J08,T05,489,-11,7.592929515114446,4,8,2400,2勝,0.05,36.1,51,3
R0042,2020-10-21,阪神,芝,2500,G3,3勝,12,H047,H047,2,10,セ,4,55.0,J09,T08,434,9,18.57544205449557,7,8,3000,OP,-0.06,37.0,66,8
R0042,2020-10-21,阪神,芝,2500,G3,3勝,12,H057,H057,3,11,牝,7,54.0,J08,T05,462,7,24.55007629674939,12,17,2600,3勝,0.86,34.4,44,11
R0042,2020-10-21,阪神,芝,2500,G3,3勝,12,H055,H055,4,12,セ,5,55.0,J08,T04,505,-11,12.767176648975648,7,10,2000,G3,-0.54,35.4,35,7
R0043,2020-10-28,京都,芝,2000,G3,2勝,8,H036,H036,1,1,牡,4,54.0,J02,T03,485,10,15.51150550324218,8,6,3000,G2,0.82,34.4,42,7
R0043,2020-10-28,京都,芝,2000,G3,2勝,8,H013,H013,2,2,牡,6,57.0,J01,T03,442,11,6.16331718858657,1,3,3000,3勝,0.84,35.9,76,2
R0043,2020-10-28,京都,芝,2000,G3,2勝,8,H025,H025,3,3,牡,5,56.0,J09,T06,454,3,7.8512256784353625,6,8,2400,G2,0.62,35.6,65,6
R0043,2020-10-28,京都,芝,2000,G3,2勝,8,H037,H037,4,4,セ,5,55.0,J01,T05,517,9,10.760198190462596,5,3,1800,G3,0.47,33.9,14,5
R0043,2020-10-28,京都,芝,2000,G3,2勝,8,H012,H012,5,5,牝,5,57.0,J07,T05,493,-8,1.1,2,1,2500,2勝,0.0,36.6,47,1
R0043,2020-10-28,京都,芝,2000,G3,2勝,8,H055,H055,6,6,牡,5,58.0,J02,T07,507,-9,16.8154465278469,7,9,2500,G2,-0.44,36.5,66,8
R0043,2020-10-28,京都,芝,2000,G3,2勝,8,H035,H035,7,7,牡,5,57.0,J06,T05,450,7,9.049198070506167,3,10,2000,OP,0.71,36.0,44,4
R0043,2020-10-28,京都,芝,2000,G3,2勝,8,H024,H024,8,8,セ,5,55.0,J04,T07,470,-7,7.13778087204999,4,9,3000,G3,0.27,36.8,65,3
R0044,2020-11-04,阪神,芝,2500,OP,2勝,9,H020,H020,1,1,セ,7,58.0,J03,T07,472,4,12.524257763061788,6,9,3000,G2,0.18,34.8,56,7
R0044,2020-11-04,阪神,芝,2500,OP,2勝,9,H009,H009,2,2,牡,6,54.0,J05,T03,473,9,9.245949955395089,2,3,3200,3勝,0.46,35.1,18,1
R0044,2020-11-04,阪神,芝,2500,OP,2勝,9,H026,H026,3,3,牡,7,57.0,J10,T02,478,10,8.63312619323014,5,8,1800,OP,-0.12,36.2,76,6
R0044,2020-11-04,阪神,芝,2500,OP,2勝,9,H017,H017,4,4,牡,5,58.0,J08,T08,519,-2,5.113010143395977,4,13,2500,3勝,0.7,35.2,79,4
R0044,2020-11-04,阪神,芝,2500,OP,2勝,9,H016,H016,5,5,牡,5,54.0,J08,T07,485,-5,2.635157851601486,2,17,2200,G3,-0.15,35.0,65,3
R0044,2020-11-04,阪神,芝,2500,OP,2勝,9,H032,H032,6,6,セ,5,57.0,J02,T04,464,10,11.458995734643702,4,4,2400,G3,-0.34,35.3,52,5
R0044,2020-11-04,阪神,芝,2500,OP,2勝,9,H059,H059,7,7,セ,6,58.0,J06,T07,488,-6,22.210474412292125,9,15,3000,2勝,0.34,36.3,89,9
R0044,2020-11-04,阪神,芝,2500,OP,2勝,9,H060,H060,8,8,牡,7,58.0,J05,T04,501,11,13.371300794040621,7,3,1800,OP,0.26,36.6,79,8
R0044,2020-11-04,阪神,芝,2500,OP,2勝,9,H008,H008,1,9,セ,5,58.0,J09,T07,457,7,2.7509279525873054,3,9,2400,G3,0.26,36.3,78,2
R0045,2020-11-11,京都,ダート,2500,3勝,2勝,12,H001,H001,1,1,牝,7,57.0,J05,T08,459,6,4.694059167641422,3,5,3200,2勝,0.19,35.5,59,4
R0045,2020-11-11,京都,ダート,2500,3勝,2勝,12,H014,H014,2,2,セ,6,58.0,J03,T03,449,4,18.78190102745511,9,15,2500,2勝,-0.02,35.8,37,9
R0045,2020-11-11,京都,ダート,2500,3勝,2勝,12,H033,H033,3,3,牡,6,57.0,J04,T05,504,-4,12.945249760187814,7,11,2200,G3,0.35,36.2,65,7
R0045,2020-11-11,京都,ダート,2500,3勝,2勝,12,H058,H058,4,4,牝,5,54.0,J07,T02,449,8,26.1166993916166,12,3,2500,G2,-0.14,34.1,77,11
R0045,2020-11-11,京都,ダート,2500,3勝,2勝,12,H013,H013,5,5,牝,7,55.0,J10,T03,506,6,8.900926478465758,5,3,3000,G3,0.46,35.9,31,5
R0045,2020-11-11,京都,ダート,2500,3勝,2勝,12,H052,H052,6,6,牡,5,57.0,J06,T07,503,-8,3.907982029090268,1,7,1800,3勝,0.3,34.7,25,2
R0045,2020-11-11,京都,ダート,2500,3勝,2勝,12,H034,H034,7,7,牝,6,54.0,J04,T04,437,-6,22.663939350717378,12,11,2400,OP,0.83,35.6,72,12
R0045,2020-11-11,京都,ダート,2500,3勝,2勝,12,H027,H027,8,8,セ,5,54.0,J09,T08,488,7,16.350785288406076,7,4,2500,2勝,1.05,35.0,63,8
R0045,2020-11-11,京都,ダート,2500,3勝,2勝,12,H044,H044,1,9,セ,4,56.0,J05,T04,454,-3,22.525082569062338,11,7,3200,G3,0.42,34.8,32,10
R0045,2020-11-11,京都,ダート,2500,3勝,2勝,12,H039,H039,2,10,牝,5,54.0,J07,T07,512,6,11.882863844569503,7,13,1800,G2,0.68,36.4,66,6
R0045,2020-11-11,京都,ダート,2500,3勝,2勝,12,H030,H030,3,11,牡,5,56.0,J05,T05,487,-10,5.813463071303657,4,10,1800,3勝,0.3,34.6,69,3
R0045,2020-11-11,京都,ダート,2500,3勝,2勝,12,H012,H012,4,12,牡,4,54.0,J03,T05,458,-11,4.312736955589518,1,10,2500,G2,0.8,34.9,47,1
R0046,2020-11-18,京都,ダート,3200,G1,3勝,12,H012,H012,1,1,セ,4,58.0,J08,T02,506,-7,2.180131838188992,2,7,3200,G2,0.8,36.3,39,2
R0046,2020-11-18,京都,ダート,3200,G1,3勝,12,H020,H020,2,2,牝,4,55.0,J02,T05,516,-10,14.149317224020379,7,16,3000,G2,0.85,35.6,77,8
R0046,2020-11-18,京都,ダート,3200,G1,3勝,12,H029,H029,3,3,牡,6,55.0,J03,T02,512,10,23.183775517135587,11,6,2500,OP,0.38,35.1,22,11
R0046,2020-11-18,京都,ダート,3200,G1,3勝,12,H059,H059,4,4,牝,6,57.0,J04,T01,458,-8,21.441637222403966,11,6,2200,G2,-0.12,36.6,52,12
R0046,2020-11-18,京都,ダート,3200,G1,3勝,12,H039,H039,5,5,牡,6,58.0,J04,T06,459,-12,11.983580998171558,6,1,2400,G2,0.56,33.2,18,7
R0046,2020-11-18,京都,ダート,3200,G1,3勝,12,H042,H042,6,6,牡,4,58.0,J06,T05,486,-10,10.748377134065837,4,9,2000,3勝,-0.33,36.0,38,5
R0046,2020-11-18,京都,ダート,3200,G1,3勝,12,H009,H009,7,7,牝,5,58.0,J01,T05,441,9,8.571630448281644,4,12,2200,2勝,-0.25,35.1,85,4
R0046,2020-11-18,京都,ダート,3200,G1,3勝,12,H036,H036,8,8,牝,6,54.0,J09,T06,430,5,13.729850592398911,6,8,3200,3勝,0.8,38.0,73,6
R0046,2020-11-18,京都,ダート,3200,G1,3勝,12,H002,H002,1,9,セ,4,56.0,J01,T03,475,-2,2.5889829404457934,1,12,3200,3勝,0.25,35.7,89,1
R0046,2020-11-18,京都,ダート,3200,G1,3勝,12,H058,H058,2,10,セ,7,55.0,J09,T02,455,-4,10.244032456635834,2,4,3000,G3,-0.34,36.3,28,3
R0046,2020-11-18,京都,ダート,3200,G1,3勝,12,H035,H035,3,11,牡,5,55.0,J09,T08,433,-12,10.966737868321948,8,4,1800,2勝,0.02,35.8,26,9
R0046,2020-11-18,京都,ダート,3200,G1,3勝,12,H055,H055,4,12,牝,5,55.0,J06,T06,433,1,20.257621605600583,9,3,2000,G2,1.05,35.2,20,10
R0047,2020-11-25,阪神,ダート,2600,G1,オープン,11,H007,H007,1,1,セ,7,56.0,J06,T05,500,-6,9.424064259448286,1,2,2000,3勝,0.34,33.9,64,2
R0047,2020-11-25,阪神,ダート,2600,G1,オープン,11,H013,H013,2,2,牡,6,54.0,J02,T08,480,-2,5.576405890076092,3,16,1800,OP,1.82,35.9,80,4
R0047,2020-11-25,阪神,ダート,2600,G1,オープン,11,H039,H039,3,3,牡,7,54.0,J02,T06,432,-3,19.62115716474503,8,2,3000,3勝,0.89,36.8,36,8
R0047,2020-11-25,阪神,ダート,2600,G1,オープン,11,H040,H040,4,4,牡,5,57.0,J10,T04,481,2,7.759475020049325,4,14,2600,OP,0.49,36.6,88,5
R0047,2020-11-25,阪神,ダート,2600,G1,オープン,11,H005,H005,5,5,牡,6,58.0,J06,T03,482,-1,2.0750167567371025,2,2,3200,3勝,0.51,36.6,64,1
R0047,2020-11-25,阪神,ダート,2600,G1,オープン,11,H054,H054,6,6,セ,4,57.0,J05,T03,451,10,12.497170780988364,7,11,2000,2勝,0.23,35.3,79,7
R0047,2020-11-25,阪神,ダート,2600,G1,オープン,11,H055,H055,7,7,牝,5,56.0,J01,T05,448,-4,25.902959901107373,11,12,1800,OP,0.82,35.0,64,10
R0047,2020-11-25,阪神,ダート,2600,G1,オープン,11,H059,H059,8,8,セ,6,58.0,J08,T08,454,5,23.15861459277252,11,16,3000,3勝,0.7,34.9,64,11
R0047,2020-11-25,阪神,ダート,2600,G1,オープン,11,H001,H001,1,9,牡,4,57.0,J01,T08,468,10,4.507770597521066,4,5,2400,2勝,-0.18,36.1,63,3
R0047,2020-11-25,阪神,ダート,2600,G1,オープン,11,H034,H034,2,10,牡,6,56.0,J03,T04,433,-10,17.915326117094132,8,17,3000,G3,-0.27,36.3,16,9
R0047,2020-11-25,阪神,ダート,2600,G1,オープン,11,H028,H028,3,11,牡,4,56.0,J06,T05,436,-8,9.253619436347968,5,1,2500,G2,1.13,34.4,44,6
R0048,2020-12-02,中山,芝,2400,OP,2勝,8,H030,H030,1,1,セ,7,55.0,J05,T04,517,6,19.029207378221187,8,1,2600,G3,0.2,34.9,64,8
R0048,2020-12-02,中山,芝,2400,OP,2勝,8,H043,H043,2,2,牡,7,57.0,J01,T01,443,2,3.287725722250748,5,6,2000,OP,0.55,34.7,43,4
R0048,2020-12-02,中山,芝,2400,OP,2勝,8,H003,H003,3,3,牡,7,57.0,J04,T02,490,-4,6.077710827777609,2,16,2500,3勝,0.69,36.2,26,2
R0048,2020-12-02,中山,芝,2400,OP,2勝,8,H052,H052,4,4,セ,6,54.0,J06,T01,430,-2,18.829564129420255,7,1,2200,2勝,-0.43,37.6,46,7
R0048,2020-12-02,中山,芝,2400,OP,2勝,8,H018,H018,5,5,セ,7,55.0,J10,T02,500,7,1.835681566161352,2,3,2600,G2,0.3,35.0,49,1
R0048,2020-12-02,中山,芝,2400,OP,2勝,8,H039,H039,6,6,セ,6,56.0,J04,T03,436,12,7.223531000445984,3,13,3000,2勝,-0.39,35.6,23,3
R0048,2020-12-02,中山,芝,2400,OP,2勝,8,H046,H046,7,7,セ,5,57.0,J09,T05,482,-5,7.984079779389143,6,3,1800,3勝,0.54,35.0,86,5
R0048,2020-12-02,中山,芝,2400,OP,2勝,8,H055,H055,8,8,セ,5,54.0,J05,T05,516,-9,15.01343548746592,7,2,2200,2勝,0.22,36.3,15,6
R0049,2020-12-09,阪神,芝,2500,G2,2勝,11,H016,H016,1,1,牡,6,57.0,J05,T08,502,-7,5.118399302292473,4,17,2500,G2,1.05,35.9,50,3
R0049,2020-12-09,阪神,芝,2500,G2,2勝,11,H021,H021,2,2,牝,5,57.0,J04,T05,517,-4,9.865475957226584,4,10,2500,2勝,-0.6,35.6,38,5
R0049,2020-12-09,阪神,芝,2500,G2,2勝,11,H049,H049,3,3,セ,5,58.0,J05,T04,442,-5,14.680551129115354,11,17,2000,2勝,0.07,36.0,41,11
R0049,2020-12-09,阪神,芝,2500,G2,2勝,11,H026,H026,4,4,牝,4,56.0,J09,T08,494,-10,13.98843593660716,6,12,2200,G3,0.76,34.7,88,6
R0049,2020-12-09,阪神,芝,2500,G2,2勝,11,H042,H042,5,5,セ,7,56.0,J04,T07,465,-3,15.443707338895367,8,8,2400,G2,0.22,34.6,80,7
R0049,2020-12-09,阪神,芝,2500,G2,2勝,11,H060,H060,6,6,牝,6,58.0,J09,T01,451,2,22.7417797633773,11,2,1800,3勝,-0.71,36.1,47,10
R0049,2020-12-09,阪神,芝,2500,G2,2勝,11,H044,H044,7,7,牡,7,57.0,J07,T06,509,-11,19.99079579457072,8,11,2400,OP,0.49,35.6,69,9
R0049,2020-12-09,阪神,芝,2500,G2,2勝,11,H038,H038,8,8,牝,7,56.0,J02,T01,460,2,20.68168941596894,7,8,3000,3勝,0.61,36.0,28,8
R0049,2020-12-09,阪神,芝,2500,G2,2勝,11,H033,H033,1,9,牝,7,56.0,J02,T06,505,4,6.4202278343053445,1,6,2500,OP,0.39,36.1,70,2
R0049,2020-12-09,阪神,芝,2500,G2,2勝,11,H009,H009,2,10,牡,4,55.0,J06,T01,499,-10,2.382498051738381,1,17,2000,2勝,1.15,35.8,63,1
R0049,2020-12-09,阪神,芝,2500,G2,2勝,11,H015,H015,3,11,牡,6,55.0,J05,T06,486,5,10.366111513573713,5,11,1800,3勝,0.5,37.0,54,4
R0050,2020-12-16,東京,芝,2200,OP,2勝,10,H052,H052,1,1,牡,4,58.0,J09,T04,499,12,17.433264480560517,10,6,3000,2勝,1.04,36.2,37,9
R0050,2020-12-16,東京,芝,2200,OP,2勝,10,H011,H011,2,2,牝,5,57.0,J06,T01,499,10,14.584703680758238,6,12,2400,G2,1.19,36.8,59,6
R0050,2020-12-16,東京,芝,2200,OP,2勝,10,H039,H039,3,3,牝,4,58.0,J07,T06,463,12,18.696072823230946,9,6,1800,3勝,0.74,36.1,33,8
R0050,2020-12-16,東京,芝,2200,OP,2勝,10,H051,H051,4,4,セ,5,57.0,J10,T04,494,-3,11.70659121706844,8,1,3000,OP,0.92,35.1,81,7
R0050,2020-12-16,東京,芝,2200,OP,2勝,10,H019,H019,5,5,セ,7,54.0,J05,T05,465,-10,3.87726130482049,1,14,2000,G3,1.06,35.7,43,1
R0050,2020-12-16,東京,芝,2200,OP,2勝,10,H045,H045,6,6,セ,5,55.0,J02,T05,441,4,14.288780544659815,9,12,3000,2勝,0.42,33.4,36,10
R0050,2020-12-16,東京,芝,2200,OP,2勝,10,H028,H028,7,7,セ,7,58.0,J01,T03,441,12,5.4029427394649305,1,16,2200,G2,-0.18,33.8,35,2
R0050,2020-12-16,東京,芝,2200,OP,2勝,10,H022,H022,8,8,牝,6,55.0,J09,T07,500,12,10.113618210537448,5,17,2600,G2,1.31,35.8,46,4
R0050,2020-12-16,東京,芝,2200,OP,2勝,10,H014,H014,1,9,牡,6,58.0,J09,T05,435,12,11.652853870359227,4,14,3200,3勝,1.42,36.0,41,5
R0050,2020-12-16,東京,芝,2200,OP,2勝,10,H025,H025,2,10,牡,6,57.0,J02,T06,473,-7,5.831787567582707,2,7,2400,OP,-0.28,36.2,84,3
R0051,2020-12-23,阪神,ダート,2500,OP,2勝,8,H012,H012,1,1,牝,4,56.0,J08,T04,430,-5,7.502605316973291,1,1,3200,OP,0.73,34.7,21,1
R0051,2020-12-23,阪神,ダート,2500,OP,2勝,8,H053,H053,2,2,セ,6,55.0,J09,T04,444,5,15.923756215919184,8,6,2500,G2,-0.19,35.2,62,8
R0051,2020-12-23,阪神,ダート,2500,OP,2勝,8,H032,H032,3,3,セ,6,57.0,J02,T02,441,-11,15.312481420402978,6,1,2500,G3,0.04,35.5,70,6
R0051,2020-12-23,阪神,ダート,2500,OP,2勝,8,H024,H024,4,4,牝,4,57.0,J01,T05,473,-5,3.303437408841316,3,17,2000,3勝,0.62,36.2,47,4
R0051,2020-12-23,阪神,ダート,2500,OP,2勝,8,H031,H031,5,5,牝,7,58.0,J01,T02,495,-10,22.95016831375729,6,12,2000,G2,0.52,36.3,42,7
R0051,2020-12-23,阪神,ダート,2500,OP,2勝,8,H017,H017,6,6,セ,4,56.0,J05,T06,440,-6,2.249892550949824,1,3,3200,G3,0.76,36.9,35,2
R0051,2020-12-23,阪神,ダート,2500,OP,2勝,8,H033,H033,7,7,牡,6,58.0,J05,T04,516,-1,8.543218710685306,6,16,2600,3勝,0.87,36.3,33,5
R0051,2020-12-23,阪神,ダート,2500,OP,2勝,8,H004,H004,8,8,セ,6,58.0,J10,T02,466,1,5.631154307695863,3,2,2200,OP,0.15,36.2,87,3
R0052,2020-12-30,東京,芝,2200,OP,2勝,11,H004,H004,1,1,セ,5,54.0,J10,T06,458,3,7.407031561865489,3,13,2500,2勝,1.47,35.5,54,2
R0052,2020-12-30,東京,芝,2200,OP,2勝,11,H014,H014,2,2,セ,6,56.0,J05,T05,437,-12,16.25704751417136,6,3,3000,G3,0.27,35.0,72,7
R0052,2020-12-30,東京,芝,2200,OP,2勝,11,H022,H022,3,3,セ,4,55.0,J08,T08,443,-12,19.63364407031413,8,12,3000,3勝,0.3,34.5,62,8
R0052,2020-12-30,東京,芝,2200,OP,2勝,11,H003,H003,4,4,牡,6,57.0,J04,T07,450,-5,3.6002817786136463,1,4,2600,G3,0.59,34.6,34,1
R0052,2020-12-30,東京,芝,2200,OP,2勝,11,H038,H038,5,5,牝,7,55.0,J06,T08,488,12,20.71975280228702,10,9,2400,G2,0.34,34.0,33,9
R0052,2020-12-30,東京,芝,2200,OP,2勝,11,H009,H009,6,6,牝,7,54.0,J03,T01,448,-11,1.1,4,2,2000,2勝,-0.19,34.9,31,4
R0052,2020-12-30,東京,芝,2200,OP,2勝,11,H050,H050,7,7,セ,7,57.0,J01,T08,467,2,21.324191808059837,11,12,2600,OP,-0.08,35.2,19,10
R0052,2020-12-30,東京,芝,2200,OP,2勝,11,H032,H032,8,8,セ,7,56.0,J06,T06,480,-2,10.559893044684717,7,13,2600,OP,0.61,34.9,32,6
R0052,2020-12-30,東京,芝,2200,OP,2勝,11,H036,H036,1,9,牝,4,54.0,J07,T04,455,12,11.54687886545928,4,12,3200,G3,0.11,36.1,51,5
R0052,2020-12-30,東京,芝,2200,OP,2勝,11,H001,H001,2,10,セ,7,55.0,J02,T07,446,7,10.006078542038505,4,14,2600,2勝,-0.13,34.7,85,3
R0052,2020-12-30,東京,芝,2200,OP,2勝,11,H053,H053,3,11,牝,7,58.0,J10,T08,442,-8,26.706518449776375,11,3,2200,2勝,0.2,35.3,69,11
R0053,2021-01-06,東京,芝,1800,G2,2勝,12,H025,H025,1,1,セ,7,56.0,J10,T04,509,9,4.340190173703311,7,5,2200,G2,0.77,36.8,40,6
R0053,2021-01-06,東京,芝,1800,G2,2勝,12,H012,H012,2,2,セ,4,54.0,J07,T07,455,-7,1.1,2,4,2600,3勝,0.21,35.0,28,3
R0053,2021-01-06,東京,芝,1800,G2,2勝,12,H015,H015,3,3,セ,6,54.0,J01,T04,432,-6,4.302505818167663,1,11,2500,G3,0.93,35.1,54,2
R0053,2021-01-06,東京,芝,1800,G2,2勝,12,H053,H053,4,4,牝,6,54.0,J09,T06,434,6,24.077596724778154,12,6,1800,OP,0.52,35.2,41,12
R0053,2021-01-06,東京,芝,1800,G2,2勝,12,H016,H016,5,5,牡,7,56.0,J01,T01,467,8,15.535430246508124,8,15,3000,OP,0.59,35.6,17,7
R0053,2021-01-06,東京,芝,1800,G2,2勝,12,H033,H033,6,6,セ,4,54.0,J02,T02,478,6,8.644108484205686,4,17,1800,OP,-0.32,36.9,15,4
R0053,2021-01-06,東京,芝,1800,G2,2勝,12,H019,H019,7,7,牝,4,55.0,J04,T04,513,-9,15.61630138408972,5,16,3000,3勝,0.34,36.0,69,5
R0053,2021-01-06,東京,芝,1800,G2,2勝,12,H060,H060,8,8,牝,4,58.0,J01,T02,507,9,23.38072098825372,12,6,3200,G3,0.51,36.2,62,11
R0053,2021-01-06,東京,芝,1800,G2,2勝,12,H013,H013,1,9,牡,5,56.0,J04,T07,459,-10,15.95116196941718,8,11,2000,3勝,1.31,36.6,45,9
R0053,2021-01-06,東京,芝,1800,G2,2勝,12,H042,H042,2,10,セ,4,58.0,J04,T08,470,1,16.74984337799717,10,7,1800,G3,-0.37,37.1,79,10
R0053,2021-01-06,東京,芝,1800,G2,2勝,12,H022,H022,3,11,牡,7,55.0,J05,T06,457,-9,4.551687601753613,1,13,2600,G2,0.9,36.3,57,1
R0053,2021-01-06,東京,芝,1800,G2,2勝,12,H049,H049,4,12,セ,6,57.0,J03,T08,495,-11,12.056046029628892,9,15,1800,3勝,0.41,35.9,41,8
R0054,2021-01-13,東京,芝,2500,G1,2勝,12,H004,H004,1,1,セ,6,56.0,J06,T06,505,-6,7.416950325837606,2,15,3000,3勝,0.44,36.0,83,2
R0054,2021-01-13,東京,芝,2500,G1,2勝,12,H007,H007,2,2,牝,5,54.0,J02,T02,431,-2,4.02626153363255,1,10,2000,OP,0.99,35.7,18,1
R0054,2021-01-13,東京,芝,2500,G1,2勝,12,H058,H058,3,3,牝,7,57.0,J07,T05,457,-12,21.514778462117693,10,13,3200,G3,-0.14,35.1,43,10
R0054,2021-01-13,東京,芝,2500,G1,2勝,12,H042,H042,4,4,セ,4,55.0,J05,T05,453,7,11.964627379155402,6,4,2600,G3,0.05,34.5,25,6
R0054,2021-01-13,東京,芝,2500,G1,2勝,12,H060,H060,5,5,牡,4,54.0,J02,T05,469,-7,16.350496705551322,7,16,2400,G2,0.07,36.1,14,8
R0054,2021-01-13,東京,芝,2500,G1,2勝,12,H033,H033,6,6,牡,5,57.0,J10,T05,465,-7,9.71463124954559,4,2,2500,OP,0.89,35.3,33,4
R0054,2021-01-13,東京,芝,2500,G1,2勝,12,H013,H013,7,7,牡,7,54.0,J04,T02,470,0,6.173211979672029,6,10,3000,3勝,1.02,35.5,27,5
R0054,2021-01-13,東京,芝,2500,G1,2勝,12,H049,H049,8,8,セ,4,55.0,J04,T06,439,1,21.757491081118584,11,5,3200,3勝,-0.0,35.3,52,12
R0054,2021-01-13,東京,芝,2500,G1,2勝,12,H035,H035,1,9,セ,6,54.0,J02,T03,483,6,18.74305178518413,8,1,2600,2勝,0.38,35.9,68,9
R0054,2021-01-13,東京,芝,2500,G1,2勝,12,H010,H010,2,10,セ,5,57.0,J09,T05,496,-6,6.7027053606357745,2,7,2000,OP,0.8,35.3,34,3
R0054,2021-01-13,東京,芝,2500,G1,2勝,12,H032,H032,3,11,牡,6,58.0,J07,T07,479,-5,7.633395428743714,8,8,3000,2勝,0.51,35.8,76,7
R0054,2021-01-13,東京,芝,2500,G1,2勝,12,H057,H057,4,12,セ,6,55.0,J01,T07,456,6,22.919968947654006,12,13,2000,G2,0.5,34.4,52,11
R0055,2021-01-20,中山,芝,3200,G3,2勝,9,H007,H007,1,1,牝,4,55.0,J09,T04,473,-1,2.067470920182151,2,15,2200,OP,0.06,35.9,76,2
R0055,2021-01-20,中山,芝,3200,G3,2勝,9,H023,H023,2,2,牡,6,56.0,J10,T08,432,7,12.32570380952837,5,3,1800,G2,0.81,36.6,83,6
R0055,2021-01-20,中山,芝,3200,G3,2勝,9,H010,H010,3,3,セ,7,54.0,J07,T08,431,-6,12.457974019220648,4,3,2000,G2,0.24,34.4,16,4
R0055,2021-01-20,中山,芝,3200,G3,2勝,9,H047,H047,4,4,牝,7,58.0,J09,T04,482,-5,15.683910740907466,8,8,2000,2勝,1.01,35.7,57,9
R0055,2021-01-20,中山,芝,3200,G3,2勝,9,H040,H040,5,5,牡,6,55.0,J03,T07,459,0,15.48402019975061,7,8,2200,G2,-0.13,36.7,18,7
R0055,2021-01-20,中山,芝,3200,G3,2勝,9,H022,H022,6,6,牝,4,58.0,J04,T03,464,12,3.8482139491958938,2,4,2400,3勝,0.43,35.9,47,1
R0055,2021-01-20,中山,芝,3200,G3,2勝,9,H003,H003,7,7,セ,4,58.0,J10,T01,495,-3,10.306567101209227,6,3,2400,OP,0.41,34.5,56,5
R0055,2021-01-20,中山,芝,3200,G3,2勝,9,H036,H036,8,8,セ,4,58.0,J05,T01,466,-8,5.885246242246106,8,4,1800,3勝,0.59,35.3,64,8
R0055,2021-01-20,中山,芝,3200,G3,2勝,9,H018,H018,1,9,セ,7,56.0,J03,T03,438,-4,8.290899499212015,3,9,2600,2勝,0.39,36.5,75,3
R0056,2021-01-27,東京,ダート,2600,G2,オープン,12,H029,H029,1,1,牡,7,55.0,J01,T04,455,3,16.58224880282394,7,9,2600,OP,0.25,34.8,18,8
R0056,2021-01-27,東京,ダート,2600,G2,オープン,12,H033,H033,2,2,セ,7,57.0,J07,T07,506,-5,14.762251978253294,8,4,3000,3勝,0.15,34.8,71,7
R0056,2021-01-27,東京,ダート,2600,G2,オープン,12,H011,H011,3,3,牡,6,56.0,J08,T01,504,8,1.1,2,9,2200,2勝,0.29,35.7,62,2
R0056,2021-01-27,東京,ダート,2600,G2,オープン,12,H046,H046,4,4,セ,7,57.0,J10,T07,504,1,22.897988176162848,12,9,3000,2勝,0.53,35.4,41,11
R0056,2021-01-27,東京,ダート,2600,G2,オープン,12,H035,H035,5,5,牡,6,56.0,J04,T05,446,-12,21.902069727766047,12,10,2000,3勝,0.21,34.6,43,12
R0056,2021-01-27,東京,ダート,2600,G2,オープン,12,H014,H014,6,6,牡,7,55.0,J01,T08,461,8,18.478909815100142,5,12,2000,3勝,-0.63,35.4,30,6
R0056,2021-01-27,東京,ダート,2600,G2,オープン,12,H025,H025,7,7,牝,6,58.0,J04,T04,508,1,21.732648346215083,11,2,2200,G3,0.57,34.6,87,10
R0056,2021-01-27,東京,ダート,2600,G2,オープン,12,H004,H004,8,8,牝,5,58.0,J09,T02,475,-5,1.1,1,2,2400,G3,1.2,35.3,75,1
R0056,2021-01-27,東京,ダート,2600,G2,オープン,12,H020,H020,1,9,牝,4,57.0,J03,T02,435,10,5.110148982138142,2,15,1800,3勝,0.33,36.1,40,3
R0056,2021-01-27,東京,ダート,2600,G2,オープン,12,H026,H026,2,10,牝,7,56.0,J02,T02,476,10,13.503476590201391,4,14,1800,OP,0.94,34.4,30,5
R0056,2021-01-27,東京,ダート,2600,G2,オープン,12,H040,H040,3,11,牝,7,56.0,J04,T08,461,-8,17.173186634233346,8,16,2500,2勝,0.92,36.0,67,9
R0056,2021-01-27,東京,ダート,2600,G2,オープン,12,H013,H013,4,12,牝,4,56.0,J08,T07,492,11,8.601465857107453,4,12,3000,3勝,0.25,34.1,82,4
R0057,2021-02-03,東京,芝,3000,G3,3勝,8,H053,H053,1,1,牡,7,55.0,J10,T08,483,-9,16.83927509865684,7,1,1800,G2,0.55,34.4,68,7
R0057,2021-02-03,東京,芝,3000,G3,3勝,8,H002,H002,2,2,牝,7,57.0,J07,T02,511,-8,1.1,1,14,3200,3勝,0.92,36.6,81,1
R0057,2021-02-03,東京,芝,3000,G3,3勝,8,H021,H021,3,3,牝,7,54.0,J08,T08,435,1,10.644947286348666,3,12,2200,2勝,0.54,35.7,41,4
R0057,2021-02-03,東京,芝,3000,G3,3勝,8,H011,H011,4,4,セ,6,57.0,J02,T08,488,0,1.1,1,10,3000,G3,0.5,34.3,69,2
R0057,2021-02-03,東京,芝,3000,G3,3勝,8,H040,H040,5,5,セ,4,55.0,J04,T04,480,10,11.511343232739836,8,9,2000,3勝,1.0,35.4,27,8
R0057,2021-02-03,東京,芝,3000,G3,3勝,8,H034,H034,6,6,牡,6,57.0,J02,T01,505,-5,5.421399578271671,3,13,2600,G2,1.34,36.5,60,3
R0057,2021-02-03,東京,芝,3000,G3,3勝,8,H043,H043,7,7,牡,7,54.0,J08,T06,448,-3,10.101931734414393,4,2,2400,OP,0.77,36.5,56,5
R0057,2021-02-03,東京,芝,3000,G3,3勝,8,H028,H028,8,8,セ,5,56.0,J07,T02,502,-3,7.180033051918389,5,17,2200,2勝,0.55,34.9,19,6
R0058,2021-02-10,東京,芝,2600,G2,オープン,12,H026,H026,1,1,牝,4,58.0,J05,T05,483,-6,2.7207146773133797,5,10,3000,G3,-0.13,36.1,23,4
R0058,2021-02-10,東京,芝,2600,G2,オープン,12,H013,H013,2,2,牡,4,57.0,J06,T07,458,-5,1.1,1,10,1800,2勝,1.07,35.6,32,1
R0058,2021-02-10,東京,芝,2600,G2,オープン,12,H048,H048,3,3,牝,6,58.0,J05,T03,454,-7,19.553120586004514,10,13,2600,G3,0.21,34.7,76,10
R0058,2021-02-10,東京,芝,2600,G2,オープン,12,H036,H036,4,4,牡,5,58.0,J08,T02,478,12,3.3865365848400746,4,17,3000,2勝,-0.62,34.6,29,3
R0058,2021-02-10,東京,芝,2600,G2,オープン,12,H051,H051,5,5,牡,4,55.0,J10,T03,512,-1,16.01983765016687,8,8,2200,G2,-0.03,36.8,44,8
R0058,2021-02-10,東京,芝,2600,G2,オープン,12,H056,H056,6,6,牝,7,54.0,J06,T06,479,-4,17.691389865042336,10,17,2000,2勝,0.51,34.4,28,11
R0058,2021-02-10,東京,芝,2600,G2,オープン,12,H041,H041,7,7,牝,7,56.0,J09,T05,470,-4,15.968633895741565,6,6,3200,OP,0.83,34.9,48,7
R0058,2021-02-10,東京,芝,2600,G2,オープン,12,H054,H054,8,8,牝,4,57.0,J06,T07,451,-4,15.871010288084314,7,11,2600,G2,0.69,38.0,80,6
R0058,2021-02-10,東京,芝,2600,G2,オープン,12,H021,H021,1,9,牡,7,57.0,J09,T02,514,-10,21.147464728677136,10,5,2600,2勝,1.04,35.1,74,9
R0058,2021-02-10,東京,芝,2600,G2,オープン,12,H038,H038,2,10,セ,4,55.0,J03,T02,432,-8,8.159386598029876,1,7,2200,G2,0.96,34.1,64,2
R0058,2021-02-10,東京,芝,2600,G2,オープン,12,H058,H058,3,11,セ,6,57.0,J03,T04,457,11,28.716347536197645,12,16,3000,OP,-0.34,35.9,48,12
R0058,2021-02-10,東京,芝,2600,G2,オープン,12,H044,H044,4,12,牝,7,54.0,J04,T01,445,-12,16.949643347467667,6,12,3000,3勝,1.04,35.0,51,5
R0059,2021-02-17,東京,芝,3200,3勝,オープン,9,H017,H017,1,1,牡,5,58.0,J10,T06,509,-7,10.795170042298892,5,13,1800,G3,0.78,35.5,61,4
R0059,2021-02-17,東京,芝,3200,3勝,オープン,9,H007,H007,2,2,セ,4,54.0,J10,T03,488,8,1.9660252488903769,2,5,2600,2勝,0.64,35.3,56,1
R0059,2021-02-17,東京,芝,3200,3勝,オープン,9,H004,H004,3,3,牡,5,56.0,J01,T01,505,-8,3.7879640360112936,3,9,2200,G2,0.55,35.5,55,2
R0059,2021-02-17,東京,芝,3200,3勝,オープン,9,H018,H018,4,4,牡,6,56.0,J09,T02,465,-3,13.342296856718956,4,1,2200,G2,0.42,35.7,75,5
R0059,2021-02-17,東京,芝,3200,3勝,オープン,9,H046,H046,5,5,セ,6,58.0,J03,T08,455,7,15.506729962218564,5,14,1800,OP,0.31,35.6,38,6
R0059,2021-02-17,東京,芝,3200,3勝,オープン,9,H058,H058,6,6,牡,6,57.0,J02,T03,478,-9,19.875113491702248,9,7,2000,OP,0.55,37.3,74,9
R0059,2021-02-17,東京,芝,3200,3勝,オープン,9,H054,H054,7,7,牝,7,57.0,J05,T06,459,-12,17.20487926167524,9,3,3000,2勝,0.1,34.6,40,8
R0059,2021-02-17,東京,芝,3200,3勝,オープン,9,H019,H019,8,8,牝,6,58.0,J08,T07,465,-5,7.5433872488205065,4,7,3000,G3,0.61,36.3,42,3
R0059,2021-02-17,東京,芝,3200,3勝,オープン,9,H023,H023,1,9,牡,7,56.0,J10,T07,496,-12,23.39511919244089,7,4,2400,2勝,0.29,35.1,65,7
R0060,2021-02-24,東京,ダート,2000,OP,オープン,12,H022,H022,1,1,牝,4,54.0,J08,T07,440,9,6.86391600651412,5,3,1800,2勝,0.34,34.1,78,5
R0060,2021-02-24,東京,ダート,2000,OP,オープン,12,H001,H001,2,2,牡,4,57.0,J04,T04,465,-12,10.528939015616341,2,14,2000,G3,0.19,34.9,82,3
R0060,2021-02-24,東京,ダート,2000,OP,オープン,12,H053,H053,3,3,牝,5,57.0,J02,T08,448,6,14.235099195927795,10,2,2600,2勝,0.88,35.3,37,10
R0060,2021-02-24,東京,ダート,2000,OP,オープン,12,H054,H054,4,4,牝,6,55.0,J07,T02,492,-4,17.094345436314974,11,13,2500,G3,0.08,35.9,59,12
R0060,2021-02-24,東京,ダート,2000,OP,オープン,12,H020,H020,5,5,セ,6,54.0,J09,T08,485,8,2.5570046187638793,1,5,2000,OP,0.51,35.6,34,1
R0060,2021-02-24,東京,ダート,2000,OP,オープン,12,H007,H007,6,6,牡,6,56.0,J08,T01,442,-11,1.2199644434596886,3,17,2600,G3,1.19,36.3,31,2
R0060,2021-02-24,東京,ダート,2000,OP,オープン,12,H016,H016,7,7,牡,5,55.0,J10,T08,473,7,4.673528820517966,5,7,1800,G3,0.11,35.2,85,4
R0060,2021-02-24,東京,ダート,2000,OP,オープン,12,H012,H012,8,8,牡,4,56.0,J09,T06,491,1,15.912668137811378,8,7,2600,2勝,0.44,35.2,56,8
R0060,2021-02-24,東京,ダート,2000,OP,オープン,12,H038,H038,1,9,牡,6,54.0,J07,T07,516,-7,16.633378044944287,9,13,2500,G3,0.42,35.1,33,9
R0060,2021-02-24,東京,ダート,2000,OP,オープン,12,H047,H047,2,10,牝,6,57.0,J02,T06,492,5,22.38730182102988,12,7,2600,OP,0.11,35.5,17,11
R0060,2021-02-24,東京,ダート,2000,OP,オープン,12,H002,H002,3,11,セ,7,58.0,J04,T01,477,-6,7.9925954041533345,5,2,2200,G3,0.44,34.8,28,6
R0060,2021-02-24,東京,ダート,2000,OP,オープン,12,H044,H044,4,12,セ,5,54.0,J02,T02,479,-11,15.354221378013719,6,7,2000,OP,-0.2,33.5,30,7
R0061,2021-03-03,中山,芝,2000,G3,オープン,9,H003,H003,1,1,牝,4,55.0,J02,T06,467,11,2.896037546681551,1,6,3200,2勝,0.08,35.5,34,1
R0061,2021-03-03,中山,芝,2000,G3,オープン,9,H059,H059,2,2,牡,5,56.0,J09,T03,473,-8,13.321592100984219,9,1,3200,3勝,0.09,36.7,28,9
R0061,2021-03-03,中山,芝,2000,G3,オープン,9,H032,H032,3,3,セ,6,57.0,J02,T06,440,-5,8.287690474591294,3,5,2400,G2,0.61,35.0,59,4
R0061,2021-03-03,中山,芝,2000,G3,オープン,9,H007,H007,4,4,セ,4,56.0,J06,T03,498,-4,3.0124332947881447,3,16,2500,OP,0.8,34.3,37,2
R0061,2021-03-03,中山,芝,2000,G3,オープン,9,H045,H045,5,5,セ,6,56.0,J01,T02,486,3,17.747571719435257,7,15,3000,2勝,-0.24,34.9,48,7
R0061,2021-03-03,中山,芝,2000,G3,オープン,9,H005,H005,6,6,牝,7,57.0,J10,T01,514,-10,3.800053981257977,2,15,2400,G2,0.12,35.5,43,3
R0061,2021-03-03,中山,芝,2000,G3,オープン,9,H048,H048,7,7,牝,4,54.0,J05,T01,512,8,13.677536309890746,6,14,2600,OP,0.58,36.0,68,5
R0061,2021-03-03,中山,芝,2000,G3,オープン,9,H041,H041,8,8,牝,4,58.0,J07,T03,456,-5,19.953508944782456,8,6,2000,3勝,0.37,37.6,50,8
R0061,2021-03-03,中山,芝,2000,G3,オープン,9,H046,H046,1,9,牝,6,55.0,J10,T04,478,-3,14.583323572945975,7,10,2500,2勝,0.86,34.4,74,6
R0062,2021-03-10,東京,芝,1800,OP,オープン,9,H028,H028,1,1,牡,4,58.0,J07,T08,515,-8,11.02572236230931,3,14,1800,G2,1.02,36.5,36,2
R0062,2021-03-10,東京,芝,1800,OP,オープン,9,H036,H036,2,2,牝,7,57.0,J10,T01,479,-3,6.981328834183143,3,9,2400,G3,1.21,35.1,35,4
R0062,2021-03-10,東京,芝,1800,OP,オープン,9,H018,H018,3,3,セ,7,58.0,J10,T08,430,-6,6.71105197651403,3,3,2500,G2,0.84,36.0,29,3
R0062,2021-03-10,東京,芝,1800,OP,オープン,9,H041,H041,4,4,セ,4,54.0,J09,T08,510,11,11.662560094135547,7,12,3200,G2,0.71,35.4,19,6
R0062,2021-03-10,東京,芝,1800,OP,オープン,9,H033,H033,5,5,セ,6,54.0,J08,T07,443,4,14.854444976809035,8,4,1800,3勝,0.58,36.7,52,7
R0062,2021-03-10,東京,芝,1800,OP,オープン,9,H048,H048,6,6,牝,4,56.0,J02,T05,496,-2,20.390654103347956,9,4,2200,G3,0.45,35.4,17,9
R0062,2021-03-10,東京,芝,1800,OP,オープン,9,H025,H025,7,7,牡,4,56.0,J07,T05,502,11,12.949597649581712,9,16,2200,3勝,0.87,36.8,18,8
R0062,2021-03-10,東京,芝,1800,OP,オープン,9,H019,H019,8,8,牡,4,56.0,J01,T08,476,-9,9.015609840282712,4,8,2400,G3,0.62,36.7,44,5
R0062,2021-03-10,東京,芝,1800,OP,オープン,9,H003,H003,1,9,セ,5,56.0,J06,T08,481,0,1.1,1,1,3200,2勝,-0.05,35.1,25,1
R0063,2021-03-17,東京,芝,3200,G3,3勝,11,H038,H038,1,1,牝,5,56.0,J06,T03,463,-9,7.959221513063599,7,13,3000,3勝,0.5,33.6,35,6
R0063,2021-03-17,東京,芝,3200,G3,3勝,11,H044,H044,2,2,牝,6,57.0,J04,T08,439,7,9.400973738504003,3,3,2500,OP,-0.64,34.7,46,4
R0063,2021-03-17,東京,芝,3200,G3,3勝,11,H014,H014,3,3,牝,5,56.0,J08,T06,517,-11,4.710548992443583,3,5,2600,OP,0.03,34.8,88,3
R0063,2021-03-17,東京,芝,3200,G3,3勝,11,H042,H042,4,4,セ,7,57.0,J05,T07,480,-10,11.844952612486605,4,12,2500,3勝,-0.04,35.5,33,5
R0063,2021-03-17,東京,芝,3200,G3,3勝,11,H054,H054,5,5,セ,5,54.0,J04,T05,457,-1,14.909520661385685,6,2,2000,OP,-0.01,34.4,62,7
R0063,2021-03-17,東京,芝,3200,G3,3勝,11,H052,H052,6,6,牝,5,58.0,J09,T01,447,-1,18.4825693326573,11,13,1800,G2,0.55,36.6,54,10
R0063,2021-03-17,東京,芝,3200,G3,3勝,11,H028,H028,7,7,牝,7,56.0,J06,T06,507,11,14.46277778995186,7,17,2000,OP,-0.98,36.1,21,8
R0063,2021-03-17,東京,芝,3200,G3,3勝,11,H046,H046,8,8,牡,4,56.0,J05,T06,516,1,18.949566473411924,11,7,2000,3勝,-0.07,35.2,68,11
R0063,2021-03-17,東京,芝,3200,G3,3勝,11,H043,H043,1,9,牝,4,56.0,J05,T02,476,-12,15.201405149487591,10,7,3000,3勝,1.1,35.4,38,9
R0063,2021-03-17,東京,芝,3200,G3,3勝,11,H033,H033,2,10,牡,7,55.0,J02,T06,508,-9,3.2332454925785163,1,6,2400,OP,0.06,34.7,46,2
R0063,2021-03-17,東京,芝,3200,G3,3勝,11,H008,H008,3,11,セ,5,58.0,J09,T01,488,4,8.950880183479217,1,3,3200,3勝,0.99,36.4,71,1
R0064,2021-03-24,東京,芝,1800,OP,オープン,11,H040,H040,1,1,牡,7,58.0,J01,T03,444,-4,14.640409313740493,7,12,3200,G2,0.48,34.7,42,7
R0064,2021-03-24,東京,芝,1800,OP,オープン,11,H024,H024,2,2,セ,4,55.0,J10,T05,509,0,1.2503112146079824,2,12,2400,3勝,0.33,37.3,63,1
R0064,2021-03-24,東京,芝,1800,OP,オープン,11,H007,H007,3,3,牡,6,55.0,J02,T03,470,8,20.824603332748865,9,5,2500,G2,0.73,37.1,83,10
R0064,2021-03-24,東京,芝,1800,OP,オープン,11,H035,H035,4,4,牝,7,58.0,J09,T02,505,-10,11.501311652660664,2,5,2500,G2,0.74,35.5,62,3
R0064,2021-03-24,東京,芝,1800,OP,オープン,11,H038,H038,5,5,牡,4,58.0,J05,T08,498,5,1.9455583702537198,3,12,2000,OP,0.82,35.0,37,2
R0064,2021-03-24,東京,芝,1800,OP,オープン,11,H045,H045,6,6,牡,6,58.0,J10,T05,454,11,8.051619997985838,5,10,1800,2勝,0.6,35.4,60,5
R0064,2021-03-24,東京,芝,1800,OP,オープン,11,H055,H055,7,7,セ,5,57.0,J04,T04,443,10,23.098797332967955,11,8,2600,OP,0.19,35.1,56,11
R0064,2021-03-24,東京,芝,1800,OP,オープン,11,H032,H032,8,8,セ,7,55.0,J02,T07,437,0,15.860245607698275,5,13,3200,3勝,0.48,35.4,47,6
R0064,2021-03-24,東京,芝,1800,OP,オープン,11,H026,H026,1,9,セ,5,57.0,J06,T07,488,-4,15.60867611008214,8,2,3200,3勝,0.13,34.7,24,9
R0064,2021-03-24,東京,芝,1800,OP,オープン,11,H012,H012,2,10,牝,6,56.0,J06,T08,452,8,8.157277190438249,5,3,3000,OP,-0.22,35.1,21,4
R0064,2021-03-24,東京,芝,1800,OP,オープン,11,H017,H017,3,11,牡,4,54.0,J07,T04,443,5,11.05892453435868,8,17,1800,2勝,-0.42,36.4,49,8
R0065,2021-03-31,中山,芝,2200,OP,オープン,8,H030,H030,1,1,牝,6,55.0,J07,T02,512,11,19.286480879059095,6,13,1800,G2,0.6,34.5,56,7
R0065,2021-03-31,中山,芝,2200,OP,オープン,8,H002,H002,2,2,牡,6,57.0,J03,T05,517,-3,1.1353660625985187,2,11,1800,G3,-0.16,36.3,47,3
R0065,2021-03-31,中山,芝,2200,OP,オープン,8,H008,H008,3,3,牡,4,57.0,J02,T02,459,5,4.172886916390399,1,17,2000,2勝,1.04,35.8,36,2
R0065,2021-03-31,中山,芝,2200,OP,オープン,8,H051,H051,4,4,セ,7,55.0,J02,T02,493,-8,18.871928733842296,7,16,2400,3勝,1.11,34.6,85,8
R0065,2021-03-31,中山,芝,2200,OP,オープン,8,H052,H052,5,5,セ,6,56.0,J02,T08,518,-5,15.988558462603745,5,1,2600,2勝,0.19,36.5,29,6
R0065,2021-03-31,中山,芝,2200,OP,オープン,8,H018,H018,6,6,セ,6,57.0,J09,T01,493,-8,8.547298798553149,4,8,2500,3勝,-0.49,36.2,15,4
R0065,2021-03-31,中山,芝,2200,OP,オープン,8,H022,H022,7,7,牝,4,54.0,J01,T08,456,4,3.803377196922338,1,15,3000,OP,0.3,35.9,59,1
R0065,2021-03-31,中山,芝,2200,OP,オープン,8,H058,H058,8,8,牡,5,58.0,J07,T02,476,-3,7.07645056279006,4,16,2400,2勝,0.84,36.5,61,5
R0066,2021-04-07,東京,ダート,2500,G1,3勝,12,H033,H033,1,1,牡,7,56.0,J04,T01,479,-6,3.574391544686932,2,9,3000,2勝,0.56,34.5,64,1
R0066,2021-04-07,東京,ダート,2500,G1,3勝,12,H054,H054,2,2,牡,5,57.0,J04,T05,472,1,25.39356658629737,10,10,3000,G3,-0.02,35.4,31,11
R0066,2021-04-07,東京,ダート,2500,G1,3勝,12,H014,H014,3,3,牝,5,54.0,J04,T08,492,-1,10.68042337516888,7,12,2500,G2,1.2,36.3,66,6
R0066,2021-04-07,東京,ダート,2500,G1,3勝,12,H051,H051,4,4,牡,6,57.0,J10,T01,512,-1,19.302569519830328,11,1,1800,G2,0.73,36.0,33,10
R0066,2021-04-07,東京,ダート,2500,G1,3勝,12,H040,H040,5,5,牝,7,57.0,J07,T02,513,12,16.001223939095834,8,12,3000,G3,0.05,36.1,62,9
R0066,2021-04-07,東京,ダート,2500,G1,3勝,12,H041,H041,6,6,牝,6,54.0,J08,T05,472,9,9.324872322684575,6,9,3000,G3,0.64,35.2,14,5
R0066,2021-04-07,東京,ダート,2500,G1,3勝,12,H015,H015,7,7,牡,6,57.0,J07,T02,482,2,1.1,1,9,3200,OP,-0.24,34.9,34,2
R0066,2021-04-07,東京,ダート,2500,G1,3勝,12,H001,H001,8,8,牡,5,54.0,J04,T08,501,-1,6.2118101255740985,3,13,2000,3勝,0.1,34.5,48,4
R0066,2021-04-07,東京,ダート,2500,G1,3勝,12,H024,H024,1,9,セ,7,56.0,J09,T03,452,-8,9.273313639815608,3,13,3200,G3,1.1,35.8,36,3
R0066,2021-04-07,東京,ダート,2500,G1,3勝,12,H056,H056,2,10,牝,5,56.0,J03,T05,507,-4,25.807771657531568,12,5,2000,G3,0.84,33.9,44,12
R0066,2021-04-07,東京,ダート,2500,G1,3勝,12,H023,H023,3,11,牝,7,56.0,J10,T01,445,12,14.480647167852876,6,7,2000,OP,1.09,36.0,52,7
R0066,2021-04-07,東京,ダート,2500,G1,3勝,12,H049,H049,4,12,セ,4,57.0,J04,T05,483,12,15.012877367552372,9,7,3200,G2,-0.73,34.8,79,8
R0067,2021-04-14,阪神,芝,2600,G2,オープン,11,H009,H009,1,1,セ,5,57.0,J10,T01,455,0,12.728852343479451,8,12,2500,OP,0.6,35.6,38,8
R0067,2021-04-14,阪神,芝,2600,G2,オープン,11,H051,H051,2,2,セ,4,57.0,J10,T08,462,-8,19.796346203279953,10,7,3200,OP,-0.01,35.2,18,10
R0067,2021-04-14,阪神,芝,2600,G2,オープン,11,H023,H023,3,3,牝,4,58.0,J10,T03,519,-7,8.892630155392467,3,13,2200,2勝,-0.18,35.6,48,2
R0067,2021-04-14,阪神,芝,2600,G2,オープン,11,H018,H018,4,4,牝,4,55.0,J10,T07,460,8,1.1,1,9,1800,G2,-0.75,35.4,79,1
R0067,2021-04-14,阪神,芝,2600,G2,オープン,11,H036,H036,5,5,牝,7,56.0,J02,T03,455,2,8.85076759729316,5,12,2500,OP,0.19,36.2,20,4
R0067,2021-04-14,阪神,芝,2600,G2,オープン,11,H042,H042,6,6,牡,4,58.0,J09,T04,444,2,16.695697430339756,10,6,2600,2勝,0.03,35.1,78,9
R0067,2021-04-14,阪神,芝,2600,G2,オープン,11,H046,H046,7,7,牡,6,58.0,J05,T05,489,-3,11.43412216409155,6,8,2600,OP,0.97,34.6,26,6
R0067,2021-04-14,阪神,芝,2600,G2,オープン,11,H003,H003,8,8,セ,5,58.0,J01,T07,515,-12,14.544773451763383,8,4,2200,2勝,0.3,35.8,27,7
R0067,2021-04-14,阪神,芝,2600,G2,オープン,11,H035,H035,1,9,セ,6,55.0,J08,T04,455,-10,9.747460491961276,4,7,2600,G3,0.59,34.0,67,3
R0067,2021-04-14,阪神,芝,2600,G2,オープン,11,H032,H032,2,10,セ,6,56.0,J02,T02,469,1,21.59133221079986,11,1,2000,3勝,0.12,36.0,66,11
R0067,2021-04-14,阪神,芝,2600,G2,オープン,11,H033,H033,3,11,牡,4,55.0,J01,T03,481,-5,3.616891015664602,6,4,2000,G2,0.36,35.1,80,5
R0068,2021-04-21,京都,芝,3200,G3,オープン,11,H054,H054,1,1,セ,4,54.0,J06,T02,483,-7,20.83966710965218,10,16,3200,G2,0.69,36.2,71,10
R0068,2021-04-21,京都,芝,3200,G3,オープン,11,H024,H024,2,2,牝,5,55.0,J09,T05,465,-8,10.047672105469038,1,3,1800,G2,1.16,35.1,33,1
R0068,2021-04-21,京都,芝,3200,G3,オープン,11,H012,H012,3,3,牡,6,55.0,J01,T03,469,11,6.216699144046538,2,12,2200,OP,0.35,34.1,24,3
R0068,2021-04-21,京都,芝,3200,G3,オープン,11,H011,H011,4,4,セ,6,58.0,J09,T01,436,2,10.248298582220922,4,8,3000,G3,1.59,34.9,49,4
R0068,2021-04-21,京都,芝,3200,G3,オープン,11,H031,H031,5,5,セ,7,58.0,J06,T02,505,12,22.453232343269963,10,5,2500,2勝,1.15,37.3,71,11
R0068,2021-04-21,京都,芝,3200,G3,オープン,11,H013,H013,6,6,牝,5,56.0,J05,T06,456,-1,5.489088980118579,2,7,2500,G2,0.27,35.3,19,2
R0068,2021-04-21,京都,芝,3200,G3,オープン,11,H001,H001,7,7,セ,4,58.0,J02,T04,463,-12,14.32995540029745,5,13,2000,OP,0.89,34.4,47,6
R0068,2021-04-21,京都,芝,3200,G3,オープン,11,H051,H051,8,8,セ,6,57.0,J10,T03,440,-8,19.04815041394787,9,12,3200,G2,-0.0,35.0,56,8
R0068,2021-04-21,京都,芝,3200,G3,オープン,11,H040,H040,1,9,牝,5,55.0,J03,T05,459,-2,20.597988929380747,8,7,1800,G2,0.27,36.2,54,9
R0068,2021-04-21,京都,芝,3200,G3,オープン,11,H033,H033,2,10,セ,5,57.0,J02,T03,468,12,3.9459622654097384,6,6,2500,3勝,1.33,34.7,15,7
R0068,2021-04-21,京都,芝,3200,G3,オープン,11,H022,H022,3,11,牝,7,57.0,J10,T03,451,2,13.76039338509679,6,6,2400,G3,0.8,35.2,61,5
R0069,2021-04-28,阪神,ダート,2600,G3,2勝,10,H012,H012,1,1,セ,5,54.0,J09,T01,519,3,12.257672896063387,4,3,1800,3勝,0.76,35.5,21,5
R0069,2021-04-28,阪神,ダート,2600,G3,2勝,10,H013,H013,2,2,セ,6,57.0,J02,T07,464,1,1.1,1,2,3000,3勝,-0.06,34.7,56,1
R0069,2021-04-28,阪神,ダート,2600,G3,2勝,10,H036,H036,3,3,牝,5,55.0,J04,T03,478,2,9.028011480806013,5,12,3000,OP,0.67,35.7,76,4
R0069,2021-04-28,阪神,ダート,2600,G3,2勝,10,H058,H058,4,4,セ,6,54.0,J01,T01,485,-2,10.688478011570592,8,3,2500,3勝,-0.18,37.4,44,7
R0069,2021-04-28,阪神,ダート,2600,G3,2勝,10,H021,H021,5,5,牡,6,54.0,J07,T08,487,11,7.16265654777939,3,12,1800,3勝,0.04,35.0,77,2
R0069,2021-04-28,阪神,ダート,2600,G3,2勝,10,H056,H056,6,6,牡,4,54.0,J01,T06,466,0,17.286542584133947,9,3,3000,G2,0.84,36.5,64,9
R0069,2021-04-28,阪神,ダート,2600,G3,2勝,10,H060,H060,7,7,セ,6,56.0,J02,T07,488,-11,13.4371243272043,8,15,2400,G2,0.42,36.8,67,8
R0069,2021-04-28,阪神,ダート,2600,G3,2勝,10,H044,H044,8,8,牝,6,58.0,J07,T05,450,-4,21.585532363819677,10,3,2500,G3,-0.16,35.7,70,10
R0069,2021-04-28,阪神,ダート,2600,G3,2勝,10,H025,H025,1,9,セ,6,55.0,J05,T02,477,11,1.1420629609220736,4,6,2500,3勝,0.01,34.9,45,3
R0069,2021-04-28,阪神,ダート,2600,G3,2勝,10,H037,H037,2,10,牡,6,56.0,J10,T07,514,12,13.676594618986332,5,10,3200,G2,0.08,36.2,19,6
R0070,2021-05-05,京都,芝,2500,3勝,2勝,12,H031,H031,1,1,セ,4,55.0,J02,T08,490,7,17.85157977234938,9,11,2400,G2,0.39,36.8,69,9
R0070,2021-05-05,京都,芝,2500,3勝,2勝,12,H042,H042,2,2,牝,5,56.0,J08,T02,499,-4,24.847425865799732,10,1,1800,2勝,0.94,35.8,87,11
R0070,2021-05-05,京都,芝,2500,3勝,2勝,12,H038,H038,3,3,セ,7,57.0,J07,T04,434,11,11.034184682176216,7,6,2500,G3,0.24,35.9,48,6
R0070,2021-05-05,京都,芝,2500,3勝,2勝,12,H051,H051,4,4,セ,4,56.0,J02,T02,506,9,21.48498677886715,10,7,2600,OP,0.56,35.7,88,10
R0070,2021-05-05,京都,芝,2500,3勝,2勝,12,H020,H020,5,5,セ,5,54.0,J10,T05,502,-1,2.4123552242144664,3,3,2400,OP,1.0,35.9,82,3
R0070,2021-05-05,京都,芝,2500,3勝,2勝,12,H058,H058,6,6,セ,7,56.0,J10,T02,484,4,18.72916063487734,8,1,2500,G2,0.68,36.1,45,7
R0070,2021-05-05,京都,芝,2500,3勝,2勝,12,H010,H010,7,7,牝,6,54.0,J06,T06,486,-10,11.243311093887105,5,4,3200,OP,0.57,35.2,35,4
R0070,2021-05-05,京都,芝,2500,3勝,2勝,12,H016,H016,8,8,牡,7,58.0,J01,T03,504,-6,2.763355413298994,1,10,2000,2勝,0.02,35.8,49,1
R0070,2021-05-05,京都,芝,2500,3勝,2勝,12,H002,H002,1,9,牝,4,56.0,J01,T02,484,6,6.086856878384504,2,14,2600,G2,-0.2,35.9,31,2
R0070,2021-05-05,京都,芝,2500,3勝,2勝,12,H054,H054,2,10,牡,4,58.0,J08,T07,498,-6,22.447321940413932,11,10,2200,2勝,0.16,34.5,74,12
R0070,2021-05-05,京都,芝,2500,3勝,2勝,12,H059,H059,3,11,牡,5,55.0,J01,T01,518,4,16.28449325096562,8,4,3200,3勝,0.52,36.3,73,8
R0070,2021-05-05,京都,芝,2500,3勝,2勝,12,H017,H017,4,12,牡,4,56.0,J06,T03,438,-2,7.863306301569008,4,3,2400,3勝,-0.07,34.2,38,5
R0071,2021-05-12,阪神,ダート,3000,G2,オープン,8,H003,H003,1,1,牡,7,58.0,J10,T06,513,12,2.966710903206791,3,9,3200,2勝,0.95,36.1,25,3
R0071,2021-05-12,阪神,ダート,3000,G2,オープン,8,H007,H007,2,2,牡,7,56.0,J04,T06,445,-2,7.865980493401061,1,5,2500,3勝,0.61,35.3,14,2
R0071,2021-05-12,阪神,ダート,3000,G2,オープン,8,H045,H045,3,3,牡,6,55.0,J05,T08,486,-11,19.545347164942804,8,11,3200,2勝,0.23,35.4,23,8
R0071,2021-05-12,阪神,ダート,3000,G2,オープン,8,H052,H052,4,4,セ,6,57.0,J08,T01,450,-2,11.086846309235384,5,6,2200,2勝,0.34,35.8,29,6
R0071,2021-05-12,阪神,ダート,3000,G2,オープン,8,H014,H014,5,5,セ,6,57.0,J03,T05,479,3,7.939314566434757,4,5,3000,OP,1.28,35.4,50,4
R0071,2021-05-12,阪神,ダート,3000,G2,オープン,8,H055,H055,6,6,牡,6,55.0,J08,T05,431,-11,13.606483743858856,8,11,2500,OP,0.79,35.7,72,7
R0071,2021-05-12,阪神,ダート,3000,G2,オープン,8,H024,H024,7,7,牝,5,57.0,J05,T08,495,12,1.698279768242633,1,9,2400,OP,0.24,34.7,26,1
R0071,2021-05-12,阪神,ダート,3000,G2,オープン,8,H046,H046,8,8,牡,7,54.0,J09,T04,459,-12,7.2275817116492025,4,15,3000,2勝,0.84,35.4,64,5
R0072,2021-05-19,東京,芝,3000,G3,2勝,11,H036,H036,1,1,セ,4,56.0,J04,T02,508,8,12.368817471386752,8,15,2500,3勝,0.18,36.4,87,7
R0072,2021-05-19,東京,芝,3000,G3,2勝,11,H006,H006,2,2,牝,6,55.0,J04,T04,482,-12,9.377394274212225,4,10,1800,OP,0.57,34.9,43,3
R0072,2021-05-19,東京,芝,3000,G3,2勝,11,H033,H033,3,3,牡,5,54.0,J09,T02,440,-4,9.411365513522115,4,4,2200,2勝,0.35,35.3,41,4
R0072,2021-05-19,東京,芝,3000,G3,2勝,11,H005,H005,4,4,セ,4,55.0,J05,T05,489,-10,3.8755394562236347,2,12,1800,OP,0.41,35.0,70,1
R0072,2021-05-19,東京,芝,3000,G3,2勝,11,H039,H039,5,5,セ,5,57.0,J06,T02,501,1,21.14438602710052,11,6,2400,2勝,0.14,35.1,31,11
R0072,2021-05-19,東京,芝,3000,G3,2勝,11,H026,H026,6,6,牡,5,58.0,J07,T07,472,-2,7.985560067731232,7,10,2200,2勝,-0.28,34.2,43,6
R0072,2021-05-19,東京,芝,3000,G3,2勝,11,H035,H035,7,7,牝,6,55.0,J01,T06,452,12,22.647651923519852,11,16,1800,OP,0.03,33.5,55,10
R0072,2021-05-19,東京,芝,3000,G3,2勝,11,H043,H043,8,8,牝,6,56.0,J09,T08,500,-12,20.328839168978067,9,16,2200,OP,-0.2,35.8,23,9
R0072,2021-05-19,東京,芝,3000,G3,2勝,11,H013,H013,1,9,牡,4,55.0,J07,T05,467,1,6.115268827786727,1,10,3000,2勝,1.36,36.7,27,2
R0072,2021-05-19,東京,芝,3000,G3,2勝,11,H023,H023,2,10,牝,6,57.0,J07,T08,450,-3,12.349080996281803,4,11,3000,G2,0.42,36.3,82,5
R0072,2021-05-19,東京,芝,3000,G3,2勝,11,H038,H038,3,11,牝,4,58.0,J01,T04,515,6,21.131381213868995,9,3,2400,G3,-0.0,35.8,54,8
R0073,2021-05-26,東京,芝,3200,3勝,2勝,12,H048,H048,1,1,セ,6,54.0,J08,T01,467,6,26.786353668771028,10,3,2200,G2,0.1,33.9,20,11
R0073,2021-05-26,東京,芝,3200,3勝,2勝,12,H029,H029,2,2,セ,5,54.0,J06,T04,462,-6,23.306093112050593,10,14,2200,2勝,0.72,35.8,82,9
R0073,2021-05-26,東京,芝,3200,3勝,2勝,12,H032,H032,3,3,牝,6,58.0,J07,T08,432,1,13.142066211138637,6,13,3000,2勝,-0.07,35.3,25,5
R0073,2021-05-26,東京,芝,3200,3勝,2勝,12,H028,H028,4,4,牝,5,56.0,J01,T01,505,3,13.496786371486984,6,14,2200,OP,-0.35,34.9,41,7
R0073,2021-05-26,東京,芝,3200,3勝,2勝,12,H041,H041,5,5,セ,7,55.0,J10,T04,443,1,8.51443152413845,5,13,3200,G3,0.5,35.7,29,6
R0073,2021-05-26,東京,芝,3200,3勝,2勝,12,H023,H023,6,6,セ,5,54.0,J07,T05,478,-8,17.728765182522416,9,16,2400,3勝,-0.48,35.9,46,10
R0073,2021-05-26,東京,芝,3200,3勝,2勝,12,H035,H035,7,7,牝,7,58.0,J02,T07,457,0,13.195930554572051,4,11,2200,OP,0.77,35.7,15,4
R0073,2021-05-26,東京,芝,3200,3勝,2勝,12,H018,H018,8,8,牡,6,54.0,J08,T05,511,11,6.2430273344555465,3,10,2400,2勝,0.68,36.4,46,2
R0073,2021-05-26,東京,芝,3200,3勝,2勝,12,H024,H024,1,9,牝,5,55.0,J09,T06,493,5,17.54121445194331,9,7,2400,G3,0.69,37.3,37,8
R0073,2021-05-26,東京,芝,3200,3勝,2勝,12,H043,H043,2,10,牡,5,57.0,J07,T01,460,-7,24.943464622493558,11,13,3200,G3,0.62,35.7,65,12
R0073,2021-05-26,東京,芝,3200,3勝,2勝,12,H002,H002,3,11,セ,4,56.0,J09,T01,477,7,2.9069510698607153,2,5,3200,OP,0.63,36.0,74,1
R0073,2021-05-26,東京,芝,3200,3勝,2勝,12,H030,H030,4,12,牡,6,58.0,J01,T06,483,6,9.480583698596277,3,9,1800,2勝,0.08,35.0,16,3
R0074,2021-06-02,京都,芝,1800,OP,3勝,8,H060,H060,1,1,牝,4,58.0,J03,T04,466,0,14.691398529480475,8,9,2500,2勝,-0.11,34.8,47,8
R0074,2021-06-02,京都,芝,1800,OP,3勝,8,H048,H048,2,2,牡,6,54.0,J10,T08,478,-1,13.068833033379832,5,16,1800,2勝,1.28,34.9,34,6
R0074,2021-06-02,京都,芝,1800,OP,3勝,8,H039,H039,3,3,牡,4,58.0,J04,T08,432,-8,7.761838355502567,4,12,1800,G2,0.83,36.4,70,4
R0074,2021-06-02,京都,芝,1800,OP,3勝,8,H016,H016,4,4,セ,6,55.0,J02,T01,459,0,2.8185876686924143,1,4,1800,G3,0.73,36.3,16,2
R0074,2021-06-02,京都,芝,1800,OP,3勝,8,H027,H027,5,5,牝,6,58.0,J06,T03,433,-10,8.662310396263074,8,6,2000,OP,0.84,34.1,46,7
R0074,2021-06-02,京都,芝,1800,OP,3勝,8,H013,H013,6,6,牡,5,55.0,J10,T04,483,0,10.03551450870174,2,15,3200,G2,0.14,36.7,23,3
R0074,2021-06-02,京都,芝,1800,OP,3勝,8,H045,H045,7,7,牡,6,56.0,J05,T02,503,2,10.771996516710953,5,14,3000,3勝,0.73,34.8,56,5
R0074,2021-06-02,京都,芝,1800,OP,3勝,8,H015,H015,8,8,牝,7,56.0,J07,T06,431,-8,1.1,2,4,2400,OP,0.03,35.8,85,1
R0075,2021-06-09,中山,芝,2500,OP,オープン,11,H042,H042,1,1,セ,7,55.0,J07,T03,490,-7,12.115890684202054,6,11,3000,OP,0.15,35.7,24,7
R0075,2021-06-09,中山,芝,2500,OP,オープン,11,H037,H037,2,2,牝,4,56.0,J06,T01,515,-3,3.047395211492305,1,9,3200,G2,1.53,35.6,72,2
R0075,2021-06-09,中山,芝,2500,OP,オープン,11,H049,H049,3,3,牡,7,55.0,J10,T01,479,7,20.950946762596633,11,11,2600,OP,1.15,36.1,88,11
R0075,2021-06-09,中山,芝,2500,OP,オープン,11,H009,H009,4,4,セ,7,57.0,J08,T05,468,0,10.09898710096178,5,3,2200,2勝,0.51,35.9,62,5
R0075,2021-06-09,中山,芝,2500,OP,オープン,11,H047,H047,5,5,牡,5,54.0,J03,T02,453,-12,19.83316511542444,9,7,2600,OP,0.75,35.5,47,10
R0075,2021-06-09,中山,芝,2500,OP,オープン,11,H002,H002,6,6,牝,7,54.0,J08,T03,503,3,11.682634370780587,7,10,3000,OP,-0.08,35.1,79,6
R0075,2021-06-09,中山,芝,2500,OP,オープン,11,H005,H005,7,7,セ,7,57.0,J01,T05,466,4,3.2590233362160497,2,17,2000,G2,0.66,36.0,47,1
R0075,2021-06-09,中山,芝,2500,OP,オープン,11,H050,H050,8,8,牡,5,56.0,J03,T08,461,5,10.244516451461214,10,12,2500,OP,-0.13,34.8,66,9
R0075,2021-06-09,中山,芝,2500,OP,オープン,11,H008,H008,1,9,セ,4,54.0,J05,T05,437,-11,5.927517590560832,4,11,2200,G2,-1.01,35.0,25,4
R0075,2021-06-09,中山,芝,2500,OP,オープン,11,H054,H054,2,10,牝,7,57.0,J04,T08,499,-11,12.733407754592792,8,16,1800,2勝,0.44,36.5,34,8
R0075,2021-06-09,中山,芝,2500,OP,オープン,11,H026,H026,3,11,セ,4,54.0,J01,T08,453,1,5.983677790895935,4,14,1800,G2,1.32,33.7,73,3
R0076,2021-06-16,京都,芝,2200,G2,3勝,10,H024,H024,1,1,セ,4,55.0,J10,T02,498,12,14.596754072156699,8,3,2200,3勝,0.27,35.5,58,8
R0076,2021-06-16,京都,芝,2200,G2,3勝,10,H060,H060,2,2,セ,4,57.0,J05,T05,483,6,9.723712447253845,7,4,1800,2勝,0.1,36.1,70,6
R0076,2021-06-16,京都,芝,2200,G2,3勝,10,H052,H052,3,3,牡,5,56.0,J03,T01,487,-12,15.017129534230948,8,4,2400,G2,1.2,35.5,64,7
R0076,2021-06-16,京都,芝,2200,G2,3勝,10,H016,H016,4,4,セ,5,54.0,J01,T03,441,10,1.1942291424223974,2,1,3000,G2,-0.1,35.7,85,1
R0076,2021-06-16,京都,芝,2200,G2,3勝,10,H056,H056,5,5,牝,7,57.0,J09,T05,511,-12,17.047199986721974,10,9,2500,3勝,0.46,36.2,30,10
R0076,2021-06-16,京都,芝,2200,G2,3勝,10,H001,H001,6,6,牡,7,56.0,J02,T04,502,3,2.6492003123827805,2,2,3200,G2,0.75,35.0,44,2
R0076,2021-06-16,京都,芝,2200,G2,3勝,10,H042,H042,7,7,牡,6,54.0,J07,T01,481,4,10.867923054348292,4,16,3000,G3,1.47,35.4,81,4
R0076,2021-06-16,京都,芝,2200,G2,3勝,10,H039,H039,8,8,牝,5,58.0,J06,T05,458,5,6.922374919854777,5,2,3000,2勝,0.93,35.5,69,5
R0076,2021-06-16,京都,芝,2200,G2,3勝,10,H037,H037,1,9,牝,7,54.0,J09,T07,447,10,17.39132702873089,8,15,2000,2勝,0.5,35.4,82,9
R0076,2021-06-16,京都,芝,2200,G2,3勝,10,H005,H005,2,10,牡,4,54.0,J03,T05,488,-12,4.181074240494455,4,3,2500,2勝,-0.02,34.0,83,3
R0077,2021-06-23,東京,芝,2500,OP,オープン,9,H033,H033,1,1,牡,7,58.0,J04,T04,468,3,9.886722906714114,4,9,2400,G3,0.45,36.2,23,5
R0077,2021-06-23,東京,芝,2500,OP,オープン,9,H026,H026,2,2,牝,6,54.0,J03,T01,433,-5,15.732092296505556,7,17,2000,G2,1.3,36.1,45,8
R0077,2021-06-23,東京,芝,2500,OP,オープン,9,H027,H027,3,3,牡,7,57.0,J04,T07,456,-7,7.928021800256817,1,11,1800,G3,0.12,36.3,63,2
R0077,2021-06-23,東京,芝,2500,OP,オープン,9,H043,H043,4,4,セ,7,55.0,J06,T06,450,2,9.702319815873548,2,8,2600,G2,0.32,36.4,43,3
R0077,2021-06-23,東京,芝,2500,OP,オープン,9,H038,H038,5,5,セ,5,58.0,J10,T06,489,-3,11.107235658034316,4,5,2600,3勝,0.19,35.6,81,4
R0077,2021-06-23,東京,芝,2500,OP,オープン,9,H028,H028,6,6,牝,6,57.0,J07,T05,435,-4,1.1,2,12,2200,OP,-0.11,35.2,36,1
R0077,2021-06-23,東京,芝,2500,OP,オープン,9,H050,H050,7,7,牝,7,58.0,J04,T02,433,11,19.13655911488735,9,3,1800,G2,0.55,36.6,22,9
R0077,2021-06-23,東京,芝,2500,OP,オープン,9,H056,H056,8,8,牝,4,58.0,J08,T06,516,8,9.598499329088767,7,5,2600,OP,0.11,36.3,67,7
R0077,2021-06-23,東京,芝,2500,OP,オープン,9,H014,H014,1,9,牡,5,57.0,J05,T08,430,3,18.240139577949172,5,7,3000,G2,0.05,35.3,49,6
R0078,2021-06-30,東京,芝,2600,G2,2勝,11,H017,H017,1,1,牝,5,54.0,J02,T02,503,-1,11.882473796264964,4,11,2400,OP,0.58,35.1,59,5
R0078,2021-06-30,東京,芝,2600,G2,2勝,11,H041,H041,2,2,牝,6,56.0,J06,T03,476,11,11.615236170532963,4,13,2400,3勝,1.02,36.6,68,4
R0078,2021-06-30,東京,芝,2600,G2,2勝,11,H031,H031,3,3,牡,6,55.0,J07,T02,480,9,3.963224046199244,3,5,2200,3勝,0.17,37.3,78,3
R0078,2021-06-30,東京,芝,2600,G2,2勝,11,H039,H039,4,4,牡,5,56.0,J02,T02,464,-1,13.561719966461554,6,5,2000,G3,1.59,34.7,63,6
R0078,2021-06-30,東京,芝,2600,G2,2勝,11,H059,H059,5,5,牝,7,55.0,J09,T07,491,2,14.631333854231276,8,16,2400,3勝,1.06,36.3,29,9
R0078,2021-06-30,東京,芝,2600,G2,2勝,11,H009,H009,6,6,セ,4,56.0,J07,T05,434,2,4.7997453185609515,1,12,2200,3勝,0.25,36.2,39,1
R0078,2021-06-30,東京,芝,2600,G2,2勝,11,H011,H011,7,7,牡,7,55.0,J02,T07,454,11,17.037538462434615,7,5,3200,2勝,0.94,35.3,50,8
R0078,2021-06-30,東京,芝,2600,G2,2勝,11,H046,H046,8,8,牡,5,58.0,J04,T07,435,-8,19.44686643505535,11,14,2400,3勝,0.48,35.0,87,10
R0078,2021-06-30,東京,芝,2600,G2,2勝,11,H014,H014,1,9,牝,5,58.0,J03,T01,438,-11,4.451057158241422,3,8,1800,3勝,0.08,34.6,75,2
R0078,2021-06-30,東京,芝,2600,G2,2勝,11,H034,H034,2,10,セ,5,55.0,J08,T07,444,9,22.538643495264026,10,3,3200,2勝,0.29,36.4,63,11
R0078,2021-06-30,東京,芝,2600,G2,2勝,11,H012,H012,3,11,牡,5,58.0,J06,T08,468,-6,15.891966589445575,8,9,3000,OP,0.53,34.9,70,7
R0079,2021-07-07,中山,ダート,2400,G1,2勝,9,H037,H037,1,1,牡,4,55.0,J01,T04,504,4,15.408330862734665,9,1,2400,2勝,0.72,35.9,16,8
R0079,2021-07-07,中山,ダート,2400,G1,2勝,9,H035,H035,2,2,セ,4,56.0,J09,T06,452,-11,1.1,3,6,3000,3勝,0.87,34.8,89,2
R0079,2021-07-07,中山,ダート,2400,G1,2勝,9,H029,H029,3,3,セ,4,57.0,J02,T05,484,3,1.1,2,14,2000,2勝,0.44,36.2,34,1
R0079,2021-07-07,中山,ダート,2400,G1,2勝,9,H052,H052,4,4,牝,5,54.0,J01,T01,434,-4,18.13217140889222,9,7,1800,G2,0.34,32.8,26,9
R0079,2021-07-07,中山,ダート,2400,G1,2勝,9,H002,H002,5,5,牡,5,55.0,J04,T08,505,0,2.804582037847844,3,4,2200,G3,1.16,34.7,61,4
R0079,2021-07-07,中山,ダート,2400,G1,2勝,9,H006,H006,6,6,牡,7,57.0,J06,T06,473,-8,6.7146814145599345,4,5,1800,G3,0.42,35.0,22,5
R0079,2021-07-07,中山,ダート,2400,G1,2勝,9,H007,H007,7,7,セ,4,57.0,J07,T06,477,-11,7.615176030292509,3,10,2400,G2,-0.4,34.8,57,3
R0079,2021-07-07,中山,ダート,2400,G1,2勝,9,H027,H027,8,8,セ,6,56.0,J03,T06,490,-1,9.564972975330166,5,9,2500,G2,1.12,35.3,52,6
R0079,2021-07-07,中山,ダート,2400,G1,2勝,9,H015,H015,1,9,牝,4,58.0,J02,T04,510,-7,16.493125965024554,8,16,3200,G2,0.44,34.6,85,7
